{
  "type": "FeatureCollection",
  "features": [
    {
      "type": "Feature",
      "properties": {
        "official_code": "232",
        "match_status": "manual",
        "match_basis": "nome_completo",
        "match_notes": "Corrispondenza univoca: nome ufficiale completo identico al nome OpenStreetMap. Inventario: \"VIA SAN FILIPPO NERI\". OpenStreetMap: \"Via San Filippo Neri\". Way OSM: 1222719134. Lunghezza 133 m, estensione 133 m."
      },
      "geometry": {
        "type": "LineString",
        "coordinates": [
          [
            16.6824635,
            41.107457
          ],
          [
            16.6823149,
            41.1070157
          ],
          [
            16.6820654,
            41.1062966
          ]
        ]
      }
    },
    {
      "type": "Feature",
      "properties": {
        "official_code": "514",
        "match_status": "manual",
        "match_basis": "nome_completo",
        "match_notes": "Corrispondenza univoca: nome ufficiale completo identico al nome OpenStreetMap. Inventario: \"PIAZZETTA GIOVANNI DONADIO\". OpenStreetMap: \"Piazzetta Giovanni Donadio\". Way OSM: 1385632291. Lunghezza 47 m, estensione 21 m."
      },
      "geometry": {
        "type": "LineString",
        "coordinates": [
          [
            16.6899077,
            41.1076908
          ],
          [
            16.6898776,
            41.107597
          ],
          [
            16.6899726,
            41.1075772
          ],
          [
            16.6900021,
            41.1075705
          ],
          [
            16.6900216,
            41.1076311
          ],
          [
            16.6900331,
            41.1076334
          ],
          [
            16.6900476,
            41.1076382
          ],
          [
            16.6900605,
            41.1076463
          ],
          [
            16.6900647,
            41.1076542
          ],
          [
            16.6900494,
            41.1076569
          ],
          [
            16.6899077,
            41.1076908
          ]
        ]
      }
    },
    {
      "type": "Feature",
      "properties": {
        "official_code": "601",
        "match_status": "manual",
        "match_basis": "nome_completo",
        "match_notes": "Corrispondenza univoca: nome ufficiale completo identico al nome OpenStreetMap. Inventario: \"VIA MATTEO RENATO IMBRIANI\". OpenStreetMap: \"Via Matteo Renato Imbriani\". Way OSM: 1385636065. Lunghezza 109 m, estensione 109 m."
      },
      "geometry": {
        "type": "LineString",
        "coordinates": [
          [
            16.6844622,
            41.1071098
          ],
          [
            16.6843059,
            41.1067154
          ],
          [
            16.6841028,
            41.1061656
          ]
        ]
      }
    },
    {
      "type": "Feature",
      "properties": {
        "official_code": "249",
        "match_status": "manual",
        "match_basis": "nome_completo",
        "match_notes": "Corrispondenza univoca: nome ufficiale completo identico al nome OpenStreetMap. Inventario: \"VIA ZACCARIA\". OpenStreetMap: \"Via Zaccaria\". Way OSM: 1134010395. Lunghezza 53 m, estensione 39 m."
      },
      "geometry": {
        "type": "LineString",
        "coordinates": [
          [
            16.6896849,
            41.1032691
          ],
          [
            16.6896992,
            41.1034774
          ],
          [
            16.690059,
            41.1034709
          ]
        ]
      }
    },
    {
      "type": "Feature",
      "properties": {
        "official_code": "1215",
        "match_status": "manual",
        "match_basis": "nome_completo",
        "match_notes": "Corrispondenza univoca: nome ufficiale completo identico al nome OpenStreetMap. Inventario: \"VIA SARAGO\". OpenStreetMap: \"Via Sarago\". Way OSM: 286842300. Lunghezza 1635 m, estensione 1565 m."
      },
      "geometry": {
        "type": "LineString",
        "coordinates": [
          [
            16.7072809,
            41.1084007
          ],
          [
            16.7073574,
            41.1084353
          ],
          [
            16.7073785,
            41.1084427
          ],
          [
            16.7075464,
            41.1084578
          ],
          [
            16.7080101,
            41.1084252
          ],
          [
            16.7082971,
            41.1083828
          ],
          [
            16.7085687,
            41.1083688
          ],
          [
            16.7090105,
            41.1083686
          ],
          [
            16.7095525,
            41.1083632
          ],
          [
            16.7105656,
            41.1083416
          ],
          [
            16.7109466,
            41.1083437
          ],
          [
            16.711098,
            41.1083446
          ],
          [
            16.7119341,
            41.1085778
          ],
          [
            16.7120426,
            41.1086041
          ],
          [
            16.7123043,
            41.1086677
          ],
          [
            16.7123515,
            41.1086781
          ],
          [
            16.7126732,
            41.1087492
          ],
          [
            16.7127509,
            41.1087678
          ],
          [
            16.7129072,
            41.1087618
          ],
          [
            16.7130907,
            41.1087323
          ],
          [
            16.7132248,
            41.1086976
          ],
          [
            16.7133943,
            41.1086503
          ],
          [
            16.7135279,
            41.1086273
          ],
          [
            16.7136979,
            41.1086034
          ],
          [
            16.7139055,
            41.1085848
          ],
          [
            16.7140794,
            41.1085727
          ],
          [
            16.7142301,
            41.1085909
          ],
          [
            16.7143223,
            41.1086424
          ],
          [
            16.7145015,
            41.1087424
          ],
          [
            16.7147767,
            41.1089045
          ],
          [
            16.7150149,
            41.1090266
          ],
          [
            16.7152139,
            41.1091288
          ],
          [
            16.7154258,
            41.1092295
          ],
          [
            16.7155329,
            41.1092709
          ],
          [
            16.7156839,
            41.1093293
          ],
          [
            16.7159226,
            41.1094195
          ],
          [
            16.7161844,
            41.1095165
          ],
          [
            16.7166339,
            41.10963
          ],
          [
            16.7168925,
            41.1096717
          ],
          [
            16.7170443,
            41.1097222
          ],
          [
            16.7171355,
            41.1097905
          ],
          [
            16.7172653,
            41.1099037
          ],
          [
            16.7174053,
            41.1100116
          ],
          [
            16.7175405,
            41.1100734
          ],
          [
            16.717791,
            41.1101894
          ],
          [
            16.7179648,
            41.1102525
          ],
          [
            16.7180957,
            41.11028
          ],
          [
            16.7182636,
            41.1102844
          ],
          [
            16.7185511,
            41.1102028
          ],
          [
            16.7187235,
            41.1101412
          ],
          [
            16.7188789,
            41.1101021
          ],
          [
            16.7190532,
            41.1100851
          ],
          [
            16.7192421,
            41.110088
          ],
          [
            16.7194491,
            41.1101502
          ],
          [
            16.7196793,
            41.1102169
          ],
          [
            16.719918,
            41.1102585
          ],
          [
            16.7202243,
            41.1102941
          ],
          [
            16.7205333,
            41.1103135
          ],
          [
            16.7208256,
            41.1103204
          ],
          [
            16.7210461,
            41.1103006
          ],
          [
            16.7214157,
            41.1102678
          ],
          [
            16.7217011,
            41.1102614
          ],
          [
            16.7222876,
            41.1102528
          ],
          [
            16.7226925,
            41.1101454
          ],
          [
            16.7228958,
            41.1100977
          ],
          [
            16.7232975,
            41.1100939
          ],
          [
            16.7234199,
            41.1101074
          ],
          [
            16.7236827,
            41.1101906
          ],
          [
            16.7239354,
            41.110299
          ],
          [
            16.7242396,
            41.1104097
          ],
          [
            16.7245936,
            41.1105103
          ],
          [
            16.7257339,
            41.1105479
          ]
        ]
      }
    },
    {
      "type": "Feature",
      "properties": {
        "official_code": "1048",
        "match_status": "manual",
        "match_basis": "nome_completo",
        "match_notes": "Corrispondenza univoca: nome ufficiale completo identico al nome OpenStreetMap. Inventario: \"VIA MOZZICUGNO\". OpenStreetMap: \"Via Mozzicugno\". Way OSM: 383444544. Lunghezza 93 m, estensione 90 m."
      },
      "geometry": {
        "type": "LineString",
        "coordinates": [
          [
            16.6896221,
            41.108323
          ],
          [
            16.6896138,
            41.1083502
          ],
          [
            16.6894154,
            41.1084458
          ],
          [
            16.6893003,
            41.1085302
          ],
          [
            16.6892705,
            41.108552
          ],
          [
            16.6890952,
            41.1086302
          ],
          [
            16.6890703,
            41.1086887
          ],
          [
            16.6889508,
            41.1087405
          ],
          [
            16.6888825,
            41.1087545
          ],
          [
            16.6888064,
            41.1087908
          ],
          [
            16.6887627,
            41.1088146
          ]
        ]
      }
    },
    {
      "type": "Feature",
      "properties": {
        "official_code": "383",
        "match_status": "manual",
        "match_basis": "nome_completo",
        "match_notes": "Corrispondenza univoca: nome ufficiale completo identico al nome OpenStreetMap. Inventario: \"VIA SANDRO PERTINI\". OpenStreetMap: \"Via Sandro Pertini\". Way OSM: 486069257,1253907138. Lunghezza 216 m, estensione 216 m."
      },
      "geometry": {
        "type": "MultiLineString",
        "coordinates": [
          [
            [
              16.7044233,
              41.1138204
            ],
            [
              16.7036855,
              41.1136066
            ],
            [
              16.7026888,
              41.1133065
            ]
          ],
          [
            [
              16.7026888,
              41.1133065
            ],
            [
              16.7026404,
              41.1132926
            ],
            [
              16.7023279,
              41.1132031
            ],
            [
              16.7020249,
              41.1131163
            ]
          ]
        ]
      }
    },
    {
      "type": "Feature",
      "properties": {
        "official_code": "553",
        "match_status": "manual",
        "match_basis": "nome_completo",
        "match_notes": "Corrispondenza univoca: nome ufficiale completo identico al nome OpenStreetMap. Inventario: \"VIA LUIGI GALVANI\". OpenStreetMap: \"Via Luigi Galvani\". Way OSM: 30340291,175148967. Lunghezza 304 m, estensione 274 m."
      },
      "geometry": {
        "type": "MultiLineString",
        "coordinates": [
          [
            [
              16.6930281,
              41.1060033
            ],
            [
              16.6931553,
              41.1059777
            ],
            [
              16.6933687,
              41.1059249
            ],
            [
              16.6934464,
              41.1059324
            ],
            [
              16.6934993,
              41.1059465
            ],
            [
              16.6938088,
              41.1060186
            ],
            [
              16.6939819,
              41.1060506
            ],
            [
              16.6940423,
              41.1060539
            ],
            [
              16.694127,
              41.1060547
            ],
            [
              16.6942203,
              41.1060417
            ],
            [
              16.6945715,
              41.1059535
            ],
            [
              16.6946831,
              41.1059293
            ],
            [
              16.6947871,
              41.105927
            ],
            [
              16.6950217,
              41.1059127
            ],
            [
              16.6951724,
              41.1059141
            ],
            [
              16.6953263,
              41.1059041
            ],
            [
              16.6954668,
              41.1058881
            ],
            [
              16.6956337,
              41.1058632
            ],
            [
              16.6957144,
              41.1058623
            ],
            [
              16.6957737,
              41.1058637
            ],
            [
              16.6958633,
              41.1058936
            ],
            [
              16.6960386,
              41.1059777
            ]
          ],
          [
            [
              16.6960386,
              41.1059777
            ],
            [
              16.6962376,
              41.1063283
            ]
          ]
        ]
      }
    },
    {
      "type": "Feature",
      "properties": {
        "official_code": "382",
        "match_status": "manual",
        "match_basis": "nome_completo",
        "match_notes": "Corrispondenza univoca: nome ufficiale completo identico al nome OpenStreetMap. Inventario: \"VIA GIUSEPPE DOSSETTI\". OpenStreetMap: \"Via Giuseppe Dossetti\". Way OSM: 205063165,1385573312. Lunghezza 460 m, estensione 457 m."
      },
      "geometry": {
        "type": "MultiLineString",
        "coordinates": [
          [
            [
              16.6899834,
              41.1164721
            ],
            [
              16.6902165,
              41.1161248
            ],
            [
              16.6905263,
              41.1156606
            ]
          ],
          [
            [
              16.6890879,
              41.1196212
            ],
            [
              16.6891159,
              41.1194717
            ],
            [
              16.6891827,
              41.1192089
            ],
            [
              16.6893331,
              41.118622
            ],
            [
              16.6894521,
              41.1181573
            ],
            [
              16.6895021,
              41.1179372
            ],
            [
              16.6896605,
              41.1172409
            ],
            [
              16.6896712,
              41.1171897
            ],
            [
              16.6896897,
              41.1171016
            ],
            [
              16.6897456,
              41.1169178
            ],
            [
              16.6897956,
              41.116804
            ],
            [
              16.6898969,
              41.1166103
            ],
            [
              16.6899834,
              41.1164721
            ]
          ]
        ]
      }
    },
    {
      "type": "Feature",
      "properties": {
        "official_code": "634",
        "match_status": "manual",
        "match_basis": "nome_completo",
        "match_notes": "Corrispondenza univoca: nome ufficiale completo identico al nome OpenStreetMap. Inventario: \"VIA GIAN DONATO LOMBARDO\". OpenStreetMap: \"Via Gian Donato Lombardo\". Way OSM: 1385636078. Lunghezza 39 m, estensione 39 m."
      },
      "geometry": {
        "type": "LineString",
        "coordinates": [
          [
            16.6950655,
            41.1107351
          ],
          [
            16.6955165,
            41.1108341
          ]
        ]
      }
    },
    {
      "type": "Feature",
      "properties": {
        "official_code": "530",
        "match_status": "manual",
        "match_basis": "nome_completo",
        "match_notes": "Corrispondenza univoca: nome ufficiale completo identico al nome OpenStreetMap. Inventario: \"VIA FILIERI\". OpenStreetMap: \"Via Filieri\". Way OSM: 203471971. Lunghezza 357 m, estensione 356 m."
      },
      "geometry": {
        "type": "LineString",
        "coordinates": [
          [
            16.7046679,
            41.1355347
          ],
          [
            16.7044534,
            41.1351145
          ],
          [
            16.7041572,
            41.1343509
          ],
          [
            16.7039384,
            41.1336115
          ],
          [
            16.7036519,
            41.1324244
          ]
        ]
      }
    },
    {
      "type": "Feature",
      "properties": {
        "official_code": "110",
        "match_status": "manual",
        "match_basis": "nome_completo",
        "match_notes": "Corrispondenza univoca: nome ufficiale completo identico al nome OpenStreetMap. Inventario: \"VIA FELICE CAVALLOTTI\". OpenStreetMap: \"Via Felice Cavallotti\". Way OSM: 31121635,384722047. Lunghezza 309 m, estensione 308 m."
      },
      "geometry": {
        "type": "MultiLineString",
        "coordinates": [
          [
            [
              16.6933635,
              41.1116902
            ],
            [
              16.6938292,
              41.1125166
            ],
            [
              16.6939583,
              41.1127611
            ],
            [
              16.6941537,
              41.113131
            ]
          ],
          [
            [
              16.6941537,
              41.113131
            ],
            [
              16.69448,
              41.1136632
            ],
            [
              16.6949683,
              41.1141839
            ]
          ]
        ]
      }
    },
    {
      "type": "Feature",
      "properties": {
        "official_code": "283",
        "match_status": "manual",
        "match_basis": "nome_completo",
        "match_notes": "Corrispondenza univoca: nome ufficiale completo identico al nome OpenStreetMap. Inventario: \"VIA DAVIDE DELLE CESE\". OpenStreetMap: \"Via Davide delle Cese\". Way OSM: 382854044. Lunghezza 65 m, estensione 65 m."
      },
      "geometry": {
        "type": "LineString",
        "coordinates": [
          [
            16.6988151,
            41.105554
          ],
          [
            16.6986518,
            41.1049802
          ]
        ]
      }
    },
    {
      "type": "Feature",
      "properties": {
        "official_code": "142",
        "match_status": "manual",
        "match_basis": "nome_completo",
        "match_notes": "Corrispondenza univoca: nome ufficiale completo identico al nome OpenStreetMap. Inventario: \"VIA CROCIFISSO\". OpenStreetMap: \"Via Crocifisso\". Way OSM: 31240002. Lunghezza 611 m, estensione 609 m."
      },
      "geometry": {
        "type": "LineString",
        "coordinates": [
          [
            16.6993116,
            41.1084526
          ],
          [
            16.6992686,
            41.1084148
          ],
          [
            16.6992079,
            41.1083927
          ],
          [
            16.6980415,
            41.1082743
          ],
          [
            16.6978873,
            41.108259
          ],
          [
            16.6973238,
            41.1082029
          ],
          [
            16.6971232,
            41.108185
          ],
          [
            16.696333,
            41.1081052
          ],
          [
            16.6958158,
            41.1080457
          ],
          [
            16.6955557,
            41.108009
          ],
          [
            16.6949874,
            41.1079436
          ],
          [
            16.6944905,
            41.1078901
          ],
          [
            16.6939949,
            41.1078337
          ],
          [
            16.6935936,
            41.1077876
          ],
          [
            16.6930953,
            41.1077275
          ],
          [
            16.6929771,
            41.1077132
          ],
          [
            16.6922245,
            41.1076206
          ],
          [
            16.6921233,
            41.1076116
          ]
        ]
      }
    },
    {
      "type": "Feature",
      "properties": {
        "official_code": "19843",
        "match_status": "manual",
        "match_basis": "nome_completo",
        "match_notes": "Corrispondenza univoca: nome ufficiale completo identico al nome OpenStreetMap. Inventario: \"VIA ANITA GARIBALDI\". OpenStreetMap: \"Via Anita Garibaldi\". Way OSM: 31121720. Lunghezza 155 m, estensione 155 m."
      },
      "geometry": {
        "type": "LineString",
        "coordinates": [
          [
            16.6915235,
            41.1105882
          ],
          [
            16.6922731,
            41.1102316
          ],
          [
            16.6925828,
            41.1100853
          ],
          [
            16.6930264,
            41.1098757
          ],
          [
            16.693091,
            41.1098452
          ]
        ]
      }
    },
    {
      "type": "Feature",
      "properties": {
        "official_code": "1587",
        "match_status": "manual",
        "match_basis": "nome_completo",
        "match_notes": "Corrispondenza univoca: nome ufficiale completo identico al nome OpenStreetMap. Inventario: \"VIA ALESSANDRO VOLTA\". OpenStreetMap: \"Via Alessandro Volta\". Way OSM: 173455681. Lunghezza 90 m, estensione 89 m."
      },
      "geometry": {
        "type": "LineString",
        "coordinates": [
          [
            16.6924301,
            41.1066684
          ],
          [
            16.69278,
            41.1062123
          ],
          [
            16.6929474,
            41.106056
          ],
          [
            16.6930281,
            41.1060033
          ]
        ]
      }
    },
    {
      "type": "Feature",
      "properties": {
        "official_code": "1075",
        "match_status": "manual",
        "match_basis": "nome_completo",
        "match_notes": "Corrispondenza univoca: nome ufficiale completo identico al nome OpenStreetMap. Inventario: \"VIA GIOVANNI PASCOLI\". OpenStreetMap: \"Via Giovanni Pascoli\". Way OSM: 1351248563. Lunghezza 117 m, estensione 117 m."
      },
      "geometry": {
        "type": "LineString",
        "coordinates": [
          [
            16.6865477,
            41.1089145
          ],
          [
            16.6866015,
            41.1093773
          ],
          [
            16.6866693,
            41.1099602
          ]
        ]
      }
    },
    {
      "type": "Feature",
      "properties": {
        "official_code": "1152",
        "match_status": "manual",
        "match_basis": "nome_completo",
        "match_notes": "Corrispondenza univoca: nome ufficiale completo identico al nome OpenStreetMap. Inventario: \"VIA VINCENZO ROGADEO\". OpenStreetMap: \"Via Vincenzo Rogadeo\". Way OSM: 383481029. Lunghezza 119 m, estensione 113 m."
      },
      "geometry": {
        "type": "LineString",
        "coordinates": [
          [
            16.6912937,
            41.1053746
          ],
          [
            16.6912614,
            41.1054607
          ],
          [
            16.6912137,
            41.1056925
          ],
          [
            16.6910263,
            41.1061321
          ],
          [
            16.6909932,
            41.1061682
          ],
          [
            16.690915,
            41.106221
          ],
          [
            16.6907239,
            41.1062956
          ]
        ]
      }
    },
    {
      "type": "Feature",
      "properties": {
        "official_code": "1015",
        "match_status": "manual",
        "match_basis": "nome_completo",
        "match_notes": "Corrispondenza univoca: nome ufficiale completo identico al nome OpenStreetMap. Inventario: \"CORTE CIRO MENOTTI\". OpenStreetMap: \"Corte Ciro Menotti\". Way OSM: 1385626579. Lunghezza 59 m, estensione 59 m."
      },
      "geometry": {
        "type": "LineString",
        "coordinates": [
          [
            16.6927581,
            41.1095033
          ],
          [
            16.6927964,
            41.1094745
          ],
          [
            16.693233,
            41.1091154
          ]
        ]
      }
    },
    {
      "type": "Feature",
      "properties": {
        "official_code": "1567",
        "match_status": "manual",
        "match_basis": "nome_completo",
        "match_notes": "Corrispondenza univoca: nome ufficiale completo identico al nome OpenStreetMap. Inventario: \"VIA GIORGIO VASARI\". OpenStreetMap: \"Via Giorgio Vasari\". Way OSM: 831918287. Lunghezza 137 m, estensione 130 m."
      },
      "geometry": {
        "type": "LineString",
        "coordinates": [
          [
            16.6875047,
            41.110926
          ],
          [
            16.6873598,
            41.1105914
          ],
          [
            16.68725,
            41.1104469
          ],
          [
            16.6872043,
            41.1103868
          ],
          [
            16.6869656,
            41.1101761
          ],
          [
            16.6867577,
            41.1100912
          ],
          [
            16.6866316,
            41.1100483
          ],
          [
            16.6866188,
            41.1099633
          ]
        ]
      }
    },
    {
      "type": "Feature",
      "properties": {
        "official_code": "609",
        "match_status": "manual",
        "match_basis": "nome_completo",
        "match_notes": "Corrispondenza univoca: nome ufficiale completo identico al nome OpenStreetMap. Inventario: \"VIA ANDREA LABINI\". OpenStreetMap: \"Via Andrea Labini\". Way OSM: 1222540865,1222719143. Lunghezza 108 m, estensione 108 m."
      },
      "geometry": {
        "type": "MultiLineString",
        "coordinates": [
          [
            [
              16.6864017,
              41.1059442
            ],
            [
              16.6861241,
              41.1066347
            ]
          ],
          [
            [
              16.6864017,
              41.1059442
            ],
            [
              16.6864972,
              41.1057011
            ]
          ]
        ]
      }
    },
    {
      "type": "Feature",
      "properties": {
        "official_code": "544",
        "match_status": "manual",
        "match_basis": "nome_completo",
        "match_notes": "Corrispondenza univoca: nome ufficiale completo identico al nome OpenStreetMap. Inventario: \"VIA SERGIO FRISICCHIO\". OpenStreetMap: \"Via Sergio Frisicchio\". Way OSM: 1056189556. Lunghezza 170 m, estensione 123 m."
      },
      "geometry": {
        "type": "LineString",
        "coordinates": [
          [
            16.6960359,
            41.1148149
          ],
          [
            16.6963971,
            41.1147198
          ],
          [
            16.6965097,
            41.1149171
          ],
          [
            16.696499,
            41.114972
          ],
          [
            16.6964454,
            41.115014
          ],
          [
            16.6958598,
            41.1152943
          ],
          [
            16.6958689,
            41.115469
          ],
          [
            16.6956573,
            41.115618
          ]
        ]
      }
    },
    {
      "type": "Feature",
      "properties": {
        "official_code": "89",
        "match_status": "manual",
        "match_basis": "nome_completo",
        "match_notes": "Corrispondenza univoca: nome ufficiale completo identico al nome OpenStreetMap. Inventario: \"VIA FABRIZIO CARAFA\". OpenStreetMap: \"Via Fabrizio Carafa\". Way OSM: 383481043,414139030,414139032. Lunghezza 69 m, estensione 63 m."
      },
      "geometry": {
        "type": "MultiLineString",
        "coordinates": [
          [
            [
              16.6879326,
              41.1081026
            ],
            [
              16.6879826,
              41.1080714
            ],
            [
              16.6880259,
              41.1080107
            ],
            [
              16.688114,
              41.1079522
            ],
            [
              16.6881577,
              41.1079316
            ],
            [
              16.6882117,
              41.1079061
            ],
            [
              16.6882512,
              41.1078874
            ],
            [
              16.6884443,
              41.107843
            ],
            [
              16.6884638,
              41.1078455
            ]
          ],
          [
            [
              16.6884638,
              41.1078455
            ],
            [
              16.688538,
              41.1078552
            ]
          ],
          [
            [
              16.688538,
              41.1078552
            ],
            [
              16.6885677,
              41.1078591
            ],
            [
              16.6885805,
              41.1078771
            ],
            [
              16.6885949,
              41.1078974
            ]
          ]
        ]
      }
    },
    {
      "type": "Feature",
      "properties": {
        "official_code": "34",
        "match_status": "manual",
        "match_basis": "nome_completo",
        "match_notes": "Corrispondenza univoca: nome ufficiale completo identico al nome OpenStreetMap. Inventario: \"VIA FERRANTE APORTI\". OpenStreetMap: \"Via Ferrante Aporti\". Way OSM: 383481028. Lunghezza 116 m, estensione 106 m."
      },
      "geometry": {
        "type": "LineString",
        "coordinates": [
          [
            16.6922024,
            41.1062152
          ],
          [
            16.6918798,
            41.106103
          ],
          [
            16.6916947,
            41.1060282
          ],
          [
            16.6915794,
            41.1059191
          ],
          [
            16.6915181,
            41.1057856
          ],
          [
            16.6914739,
            41.1056524
          ],
          [
            16.6914564,
            41.1055997
          ],
          [
            16.6914278,
            41.10546
          ]
        ]
      }
    },
    {
      "type": "Feature",
      "properties": {
        "official_code": "529",
        "match_status": "manual",
        "match_basis": "nome_completo",
        "match_notes": "Corrispondenza univoca: nome ufficiale completo identico al nome OpenStreetMap. Inventario: \"VIA ENRICO FERRARA\". OpenStreetMap: \"Via Enrico Ferrara\". Way OSM: 30340354. Lunghezza 174 m, estensione 172 m."
      },
      "geometry": {
        "type": "LineString",
        "coordinates": [
          [
            16.691507,
            41.1100695
          ],
          [
            16.690374,
            41.1100636
          ],
          [
            16.6903226,
            41.1100659
          ],
          [
            16.6902356,
            41.1100785
          ],
          [
            16.6894645,
            41.1102484
          ]
        ]
      }
    },
    {
      "type": "Feature",
      "properties": {
        "official_code": "12",
        "match_status": "manual",
        "match_basis": "nome_completo",
        "match_notes": "Corrispondenza univoca: nome ufficiale completo identico al nome OpenStreetMap. Inventario: \"VIA VITO ACQUAFREDDA\". OpenStreetMap: \"Via Vito Acquafredda\". Way OSM: 608272223. Lunghezza 186 m, estensione 186 m."
      },
      "geometry": {
        "type": "LineString",
        "coordinates": [
          [
            16.6921149,
            41.1123943
          ],
          [
            16.6922971,
            41.112953
          ],
          [
            16.6924024,
            41.113277
          ],
          [
            16.6926189,
            41.114026
          ]
        ]
      }
    },
    {
      "type": "Feature",
      "properties": {
        "official_code": "167",
        "match_status": "manual",
        "match_basis": "nome_completo",
        "match_notes": "Corrispondenza univoca: nome ufficiale completo identico al nome OpenStreetMap. Inventario: \"VIA ALCIDE DE GASPERI\". OpenStreetMap: \"Via Alcide De Gasperi\". Way OSM: 205063160. Lunghezza 123 m, estensione 123 m."
      },
      "geometry": {
        "type": "LineString",
        "coordinates": [
          [
            16.6950504,
            41.1146648
          ],
          [
            16.6951493,
            41.1146273
          ],
          [
            16.6957533,
            41.114425
          ],
          [
            16.6960244,
            41.1143417
          ],
          [
            16.6962186,
            41.1142504
          ],
          [
            16.696366,
            41.1141783
          ]
        ]
      }
    },
    {
      "type": "Feature",
      "properties": {
        "official_code": "288",
        "match_status": "manual",
        "match_basis": "nome_completo",
        "match_notes": "Corrispondenza univoca: nome ufficiale completo identico al nome OpenStreetMap. Inventario: \"VIA DIONISIO VOLPONI\". OpenStreetMap: \"Via Dionisio Volponi\". Way OSM: 173536238,173536241,175152721. Lunghezza 98 m, estensione 87 m."
      },
      "geometry": {
        "type": "MultiLineString",
        "coordinates": [
          [
            [
              16.6994806,
              41.1090694
            ],
            [
              16.6994305,
              41.109073
            ],
            [
              16.6993895,
              41.1090841
            ],
            [
              16.6993368,
              41.1091111
            ]
          ],
          [
            [
              16.6993368,
              41.1091111
            ],
            [
              16.6993954,
              41.1090116
            ]
          ],
          [
            [
              16.6990412,
              41.1097227
            ],
            [
              16.6993368,
              41.1091111
            ]
          ]
        ]
      }
    },
    {
      "type": "Feature",
      "properties": {
        "official_code": "136",
        "match_status": "manual",
        "match_basis": "nome_completo",
        "match_notes": "Corrispondenza univoca: nome ufficiale completo identico al nome OpenStreetMap. Inventario: \"VIA RAFFAELE COMES\". OpenStreetMap: \"Via Raffaele Comes\". Way OSM: 173516727. Lunghezza 388 m, estensione 377 m."
      },
      "geometry": {
        "type": "LineString",
        "coordinates": [
          [
            16.6960074,
            41.1128322
          ],
          [
            16.6952695,
            41.1132326
          ],
          [
            16.6948484,
            41.1134623
          ],
          [
            16.69448,
            41.1136632
          ],
          [
            16.6941963,
            41.1138219
          ],
          [
            16.6940389,
            41.1138851
          ],
          [
            16.6935439,
            41.11393
          ],
          [
            16.6932067,
            41.113965
          ],
          [
            16.6926189,
            41.114026
          ],
          [
            16.6918373,
            41.1141072
          ]
        ]
      }
    },
    {
      "type": "Feature",
      "properties": {
        "official_code": "141",
        "match_status": "manual",
        "match_basis": "nome_completo",
        "match_notes": "Corrispondenza univoca: nome ufficiale completo identico al nome OpenStreetMap. Inventario: \"VIA BENEDETTO CROCE\". OpenStreetMap: \"Via Benedetto Croce\". Way OSM: 384738426. Lunghezza 112 m, estensione 112 m."
      },
      "geometry": {
        "type": "LineString",
        "coordinates": [
          [
            16.6938631,
            41.1148128
          ],
          [
            16.6932321,
            41.1150533
          ],
          [
            16.6926678,
            41.1152609
          ]
        ]
      }
    },
    {
      "type": "Feature",
      "properties": {
        "official_code": "108",
        "match_status": "manual",
        "match_basis": "nome_completo",
        "match_notes": "Corrispondenza univoca: nome ufficiale completo identico al nome OpenStreetMap. Inventario: \"VIA FRANCESCO PAOLO CATUCCI\". OpenStreetMap: \"Via Francesco Paolo Catucci\". Way OSM: 383481035. Lunghezza 79 m, estensione 76 m."
      },
      "geometry": {
        "type": "LineString",
        "coordinates": [
          [
            16.6885949,
            41.1058128
          ],
          [
            16.688785,
            41.1057634
          ],
          [
            16.6890371,
            41.1056764
          ],
          [
            16.6891685,
            41.1056522
          ],
          [
            16.6892436,
            41.1056441
          ],
          [
            16.6893693,
            41.1056927
          ],
          [
            16.689468,
            41.1057367
          ]
        ]
      }
    },
    {
      "type": "Feature",
      "properties": {
        "official_code": "404",
        "match_status": "manual",
        "match_basis": "nome_completo",
        "match_notes": "Corrispondenza univoca: nome ufficiale completo identico al nome OpenStreetMap. Inventario: \"VIA SALVATORE QUASIMODO\". OpenStreetMap: \"Via Salvatore Quasimodo\". Way OSM: 294654476. Lunghezza 126 m, estensione 124 m."
      },
      "geometry": {
        "type": "LineString",
        "coordinates": [
          [
            16.679606,
            41.1115164
          ],
          [
            16.679598,
            41.1114764
          ],
          [
            16.6796628,
            41.1110051
          ],
          [
            16.67967,
            41.110953
          ],
          [
            16.67966,
            41.110904
          ],
          [
            16.6794259,
            41.1104157
          ]
        ]
      }
    },
    {
      "type": "Feature",
      "properties": {
        "official_code": "128",
        "match_status": "manual",
        "match_basis": "nome_completo",
        "match_notes": "Corrispondenza univoca: nome ufficiale completo identico al nome OpenStreetMap. Inventario: \"VIA DOMENICO CIMAROSA\". OpenStreetMap: \"Via Domenico Cimarosa\". Way OSM: 647826813,647826814,647826815. Lunghezza 75 m, estensione 71 m."
      },
      "geometry": {
        "type": "MultiLineString",
        "coordinates": [
          [
            [
              16.6906658,
              41.1065665
            ],
            [
              16.6909761,
              41.1065838
            ],
            [
              16.6911772,
              41.1065394
            ],
            [
              16.6912056,
              41.1065565
            ]
          ],
          [
            [
              16.6912056,
              41.1065565
            ],
            [
              16.6912761,
              41.1065965
            ]
          ],
          [
            [
              16.6912761,
              41.1065965
            ],
            [
              16.6914939,
              41.1066887
            ]
          ]
        ]
      }
    },
    {
      "type": "Feature",
      "properties": {
        "official_code": "248",
        "match_status": "manual",
        "match_basis": "nome_completo",
        "match_notes": "Corrispondenza univoca: nome ufficiale completo identico al nome OpenStreetMap. Inventario: \"PIAZZETTA CAFFARELLI\". OpenStreetMap: \"Piazzetta Caffarelli\". Way OSM: 1385626586,1385626587. Lunghezza 61 m, estensione 21 m."
      },
      "geometry": {
        "type": "MultiLineString",
        "coordinates": [
          [
            [
              16.6895275,
              41.1056972
            ],
            [
              16.689658,
              41.105825
            ]
          ],
          [
            [
              16.689468,
              41.1057367
            ],
            [
              16.6895275,
              41.1056972
            ],
            [
              16.689658,
              41.105825
            ],
            [
              16.689468,
              41.1057367
            ]
          ]
        ]
      }
    },
    {
      "type": "Feature",
      "properties": {
        "official_code": "594",
        "match_status": "manual",
        "match_basis": "nome_completo",
        "match_notes": "Corrispondenza univoca: nome ufficiale completo identico al nome OpenStreetMap. Inventario: \"VIA ACHILLE GRANDI\". OpenStreetMap: \"Via Achille Grandi\". Way OSM: 383740344,966421112. Lunghezza 383 m, estensione 312 m."
      },
      "geometry": {
        "type": "MultiLineString",
        "coordinates": [
          [
            [
              16.6979625,
              41.1021918
            ],
            [
              16.6981687,
              41.1014399
            ],
            [
              16.6981749,
              41.1013139
            ],
            [
              16.6981884,
              41.1010364
            ],
            [
              16.6981994,
              41.1008112
            ],
            [
              16.6981921,
              41.1001248
            ],
            [
              16.6982071,
              41.0996405
            ],
            [
              16.6982301,
              41.0995672
            ],
            [
              16.6982992,
              41.0995363
            ],
            [
              16.6983811,
              41.0995267
            ],
            [
              16.6984733,
              41.0995575
            ],
            [
              16.6988005,
              41.0996139
            ]
          ],
          [
            [
              16.6988005,
              41.0996139
            ],
            [
              16.6991372,
              41.0997129
            ],
            [
              16.699141,
              41.0997505
            ],
            [
              16.6991281,
              41.0997908
            ]
          ]
        ]
      }
    },
    {
      "type": "Feature",
      "properties": {
        "official_code": "61",
        "match_status": "manual",
        "match_basis": "nome_completo",
        "match_notes": "Corrispondenza univoca: nome ufficiale completo identico al nome OpenStreetMap. Inventario: \"VIA RUGGIERO BONGHI\". OpenStreetMap: \"Via Ruggiero Bonghi\". Way OSM: 205063168. Lunghezza 284 m, estensione 282 m."
      },
      "geometry": {
        "type": "LineString",
        "coordinates": [
          [
            16.6931708,
            41.1099238
          ],
          [
            16.6932159,
            41.1098953
          ],
          [
            16.6934783,
            41.1097298
          ],
          [
            16.6938007,
            41.1095265
          ],
          [
            16.6940451,
            41.1093734
          ],
          [
            16.6942725,
            41.1092318
          ],
          [
            16.6945072,
            41.1090863
          ],
          [
            16.6948169,
            41.108896
          ],
          [
            16.6956085,
            41.1084069
          ],
          [
            16.6956945,
            41.1082721
          ],
          [
            16.6957077,
            41.1082515
          ]
        ]
      }
    },
    {
      "type": "Feature",
      "properties": {
        "official_code": "76",
        "match_status": "manual",
        "match_basis": "nome_completo",
        "match_notes": "Corrispondenza univoca: nome ufficiale completo identico al nome OpenStreetMap. Inventario: \"VIA CALATAFIMI\". OpenStreetMap: \"Via Calatafimi\". Way OSM: 383432137. Lunghezza 188 m, estensione 188 m."
      },
      "geometry": {
        "type": "LineString",
        "coordinates": [
          [
            16.6935936,
            41.1077876
          ],
          [
            16.6932981,
            41.1071944
          ],
          [
            16.6930853,
            41.1067796
          ],
          [
            16.69278,
            41.1062123
          ]
        ]
      }
    },
    {
      "type": "Feature",
      "properties": {
        "official_code": "1536",
        "match_status": "manual",
        "match_basis": "nome_completo",
        "match_notes": "Corrispondenza univoca: nome ufficiale completo identico al nome OpenStreetMap. Inventario: \"VIA RAFFAELE TAURO\". OpenStreetMap: \"Via Raffaele Tauro\". Way OSM: 30340226,383522407. Lunghezza 239 m, estensione 238 m."
      },
      "geometry": {
        "type": "MultiLineString",
        "coordinates": [
          [
            [
              16.6939949,
              41.1078337
            ],
            [
              16.6940318,
              41.1078849
            ],
            [
              16.6942317,
              41.1082614
            ]
          ],
          [
            [
              16.6942317,
              41.1082614
            ],
            [
              16.6945349,
              41.1085969
            ],
            [
              16.6948169,
              41.108896
            ],
            [
              16.6950426,
              41.1091422
            ],
            [
              16.6954623,
              41.1095889
            ],
            [
              16.6955112,
              41.1096454
            ]
          ]
        ]
      }
    },
    {
      "type": "Feature",
      "properties": {
        "official_code": "1541",
        "match_status": "manual",
        "match_basis": "nome_completo",
        "match_notes": "Corrispondenza univoca: nome ufficiale completo identico al nome OpenStreetMap. Inventario: \"VIA TERMITE\". OpenStreetMap: \"Via Termite\". Way OSM: 383481032. Lunghezza 113 m, estensione 110 m."
      },
      "geometry": {
        "type": "LineString",
        "coordinates": [
          [
            16.6900832,
            41.10555
          ],
          [
            16.6899521,
            41.10536
          ],
          [
            16.6898958,
            41.1052267
          ],
          [
            16.6898408,
            41.1050347
          ],
          [
            16.689873,
            41.1048053
          ],
          [
            16.6899233,
            41.1045762
          ]
        ]
      }
    },
    {
      "type": "Feature",
      "properties": {
        "official_code": "1029",
        "match_status": "manual",
        "match_basis": "nome_completo",
        "match_notes": "Corrispondenza univoca: nome ufficiale completo identico al nome OpenStreetMap. Inventario: \"VIA MODUGNO\". OpenStreetMap: \"Via Modugno\". Way OSM: 174949344,174949346,174949349,174949350,175148970,1465288307,1465288308. Lunghezza 1518 m, estensione 1364 m."
      },
      "geometry": {
        "type": "MultiLineString",
        "coordinates": [
          [
            [
              16.7072404,
              41.1017551
            ],
            [
              16.7073463,
              41.1016967
            ]
          ],
          [
            [
              16.7075725,
              41.1014403
            ],
            [
              16.7075935,
              41.1014551
            ],
            [
              16.7076121,
              41.1014712
            ],
            [
              16.7076269,
              41.1014858
            ],
            [
              16.7076398,
              41.1015005
            ],
            [
              16.7076532,
              41.1015194
            ],
            [
              16.7076634,
              41.1015384
            ],
            [
              16.7076708,
              41.1015563
            ],
            [
              16.7076749,
              41.1015743
            ],
            [
              16.7076756,
              41.1015882
            ],
            [
              16.7076743,
              41.1016012
            ],
            [
              16.7076717,
              41.1016138
            ],
            [
              16.7076685,
              41.1016255
            ],
            [
              16.7076641,
              41.1016393
            ],
            [
              16.7076587,
              41.1016528
            ],
            [
              16.7076521,
              41.1016657
            ],
            [
              16.7076438,
              41.1016781
            ],
            [
              16.7076361,
              41.1016878
            ],
            [
              16.7076277,
              41.1016971
            ],
            [
              16.7076164,
              41.1017071
            ],
            [
              16.7076042,
              41.1017167
            ]
          ],
          [
            [
              16.7101345,
              41.1012003
            ],
            [
              16.7097135,
              41.1012971
            ],
            [
              16.7095035,
              41.1013449
            ],
            [
              16.7092913,
              41.1013905
            ],
            [
              16.7091482,
              41.1014187
            ],
            [
              16.70871,
              41.1015052
            ],
            [
              16.7084412,
              41.1015583
            ],
            [
              16.7080781,
              41.101627
            ],
            [
              16.7077256,
              41.1016958
            ],
            [
              16.7076939,
              41.101702
            ],
            [
              16.7076042,
              41.1017167
            ]
          ],
          [
            [
              16.7073463,
              41.1016967
            ],
            [
              16.7073497,
              41.1016663
            ],
            [
              16.7073524,
              41.1016355
            ],
            [
              16.7073529,
              41.1016216
            ],
            [
              16.7073524,
              41.1016071
            ],
            [
              16.7073514,
              41.1015924
            ],
            [
              16.7073487,
              41.1015774
            ],
            [
              16.7073444,
              41.1015649
            ],
            [
              16.7073382,
              41.1015524
            ],
            [
              16.7073309,
              41.1015405
            ],
            [
              16.707322,
              41.1015287
            ],
            [
              16.707305,
              41.1015119
            ],
            [
              16.7072841,
              41.101496
            ],
            [
              16.7072654,
              41.1014849
            ],
            [
              16.7072448,
              41.101474
            ],
            [
              16.707223,
              41.1014645
            ],
            [
              16.7072003,
              41.1014556
            ],
            [
              16.7071758,
              41.1014479
            ],
            [
              16.7071493,
              41.1014407
            ],
            [
              16.7071261,
              41.1014352
            ],
            [
              16.7070981,
              41.1014293
            ]
          ],
          [
            [
              16.6941791,
              41.1036487
            ],
            [
              16.6942857,
              41.1035998
            ],
            [
              16.6944267,
              41.1035352
            ],
            [
              16.694524,
              41.1034906
            ],
            [
              16.6949723,
              41.1032244
            ],
            [
              16.6953938,
              41.1029741
            ],
            [
              16.6957901,
              41.102731
            ],
            [
              16.6965694,
              41.1024715
            ],
            [
              16.6969743,
              41.1023359
            ],
            [
              16.6975403,
              41.1022125
            ],
            [
              16.6979625,
              41.1021918
            ],
            [
              16.6984748,
              41.1022302
            ],
            [
              16.6987631,
              41.1022509
            ],
            [
              16.6990816,
              41.102259
            ],
            [
              16.6993444,
              41.1022415
            ],
            [
              16.6997004,
              41.1021933
            ],
            [
              16.7008575,
              41.1020233
            ],
            [
              16.7017998,
              41.101915
            ],
            [
              16.7024302,
              41.101854
            ],
            [
              16.7026092,
              41.1018367
            ],
            [
              16.7030361,
              41.1017953
            ],
            [
              16.7032153,
              41.101778
            ],
            [
              16.7043755,
              41.1017023
            ],
            [
              16.7047122,
              41.1016958
            ],
            [
              16.7048806,
              41.1016956
            ],
            [
              16.7050519,
              41.1017006
            ],
            [
              16.7051613,
              41.1017056
            ],
            [
              16.7052661,
              41.1017115
            ],
            [
              16.7053811,
              41.1017197
            ],
            [
              16.7054891,
              41.1017279
            ],
            [
              16.7057129,
              41.1017456
            ],
            [
              16.7059367,
              41.1017612
            ],
            [
              16.7061333,
              41.1017671
            ],
            [
              16.7063259,
              41.1017699
            ],
            [
              16.7065169,
              41.1017714
            ],
            [
              16.7067071,
              41.101772
            ],
            [
              16.7068522,
              41.1017704
            ],
            [
              16.7069973,
              41.1017677
            ],
            [
              16.7071288,
              41.1017636
            ],
            [
              16.7071853,
              41.1017601
            ],
            [
              16.7072404,
              41.1017551
            ]
          ],
          [
            [
              16.7073463,
              41.1016967
            ],
            [
              16.7073784,
              41.1016762
            ],
            [
              16.7074052,
              41.1016533
            ],
            [
              16.7074275,
              41.1016282
            ],
            [
              16.7074456,
              41.1016027
            ],
            [
              16.7074845,
              41.101537
            ],
            [
              16.7075011,
              41.1015121
            ],
            [
              16.707519,
              41.101487
            ],
            [
              16.7075429,
              41.1014615
            ],
            [
              16.7075564,
              41.1014506
            ],
            [
              16.7075725,
              41.1014403
            ]
          ],
          [
            [
              16.7076042,
              41.1017167
            ],
            [
              16.7075611,
              41.1017241
            ],
            [
              16.7075175,
              41.1017311
            ],
            [
              16.7074746,
              41.101737
            ],
            [
              16.7074315,
              41.1017424
            ],
            [
              16.7073835,
              41.1017471
            ],
            [
              16.7073352,
              41.1017508
            ],
            [
              16.7072878,
              41.1017533
            ],
            [
              16.7072404,
              41.1017551
            ]
          ]
        ]
      }
    },
    {
      "type": "Feature",
      "properties": {
        "official_code": "1565",
        "match_status": "manual",
        "match_basis": "nome_completo",
        "match_notes": "Corrispondenza univoca: nome ufficiale completo identico al nome OpenStreetMap. Inventario: \"VIA VALENZUOLO\". OpenStreetMap: \"Via Valenzuolo\". Way OSM: 173522626. Lunghezza 290 m, estensione 286 m."
      },
      "geometry": {
        "type": "LineString",
        "coordinates": [
          [
            16.6912448,
            41.1140443
          ],
          [
            16.6910791,
            41.1140165
          ],
          [
            16.6902857,
            41.1133912
          ],
          [
            16.6899356,
            41.1130379
          ],
          [
            16.6897773,
            41.1128814
          ],
          [
            16.6896194,
            41.1127251
          ],
          [
            16.6895142,
            41.112621
          ],
          [
            16.6893669,
            41.1124752
          ],
          [
            16.6889685,
            41.1121233
          ]
        ]
      }
    },
    {
      "type": "Feature",
      "properties": {
        "official_code": "1088",
        "match_status": "manual",
        "match_basis": "nome_completo",
        "match_notes": "Corrispondenza univoca: nome ufficiale completo identico al nome OpenStreetMap. Inventario: \"VIA FRANCESCO PERRESE\". OpenStreetMap: \"Via Francesco Perrese\". Way OSM: 104402477. Lunghezza 281 m, estensione 281 m."
      },
      "geometry": {
        "type": "LineString",
        "coordinates": [
          [
            16.6906241,
            41.1120856
          ],
          [
            16.6902885,
            41.1117743
          ],
          [
            16.6899617,
            41.1114715
          ],
          [
            16.6897173,
            41.1112473
          ],
          [
            16.6889918,
            41.110561
          ],
          [
            16.6889732,
            41.1105434
          ],
          [
            16.6885112,
            41.1101223
          ]
        ]
      }
    },
    {
      "type": "Feature",
      "properties": {
        "official_code": "1053",
        "match_status": "manual",
        "match_basis": "nome_completo",
        "match_notes": "Corrispondenza univoca: nome ufficiale completo identico al nome OpenStreetMap. Inventario: \"VIA CORNELIO MUSSO\". OpenStreetMap: \"Via Cornelio Musso\". Way OSM: 1385626580. Lunghezza 91 m, estensione 91 m."
      },
      "geometry": {
        "type": "LineString",
        "coordinates": [
          [
            16.6942725,
            41.1092318
          ],
          [
            16.6949731,
            41.1098599
          ]
        ]
      }
    },
    {
      "type": "Feature",
      "properties": {
        "official_code": "1062",
        "match_status": "manual",
        "match_basis": "nome_completo",
        "match_notes": "Corrispondenza univoca: nome ufficiale completo identico al nome OpenStreetMap. Inventario: \"VIA PALOMBAIO\". OpenStreetMap: \"Via Palombaio\". Way OSM: 173576671,173576677,173576683,294654479,294654484,1466794350,1466795212. Lunghezza 755 m, estensione 653 m."
      },
      "geometry": {
        "type": "MultiLineString",
        "coordinates": [
          [
            [
              16.6792562,
              41.1046925
            ],
            [
              16.6792468,
              41.1047028
            ],
            [
              16.6792378,
              41.1047132
            ],
            [
              16.6792292,
              41.1047235
            ],
            [
              16.6792212,
              41.1047338
            ],
            [
              16.6792137,
              41.1047442
            ],
            [
              16.6792066,
              41.1047545
            ],
            [
              16.6791999,
              41.1047649
            ],
            [
              16.6791937,
              41.1047752
            ],
            [
              16.6791869,
              41.1047869
            ],
            [
              16.6791806,
              41.1047987
            ],
            [
              16.6791747,
              41.1048104
            ],
            [
              16.6791699,
              41.1048222
            ],
            [
              16.6791651,
              41.1048346
            ],
            [
              16.6791611,
              41.1048471
            ],
            [
              16.6791582,
              41.1048592
            ],
            [
              16.6791562,
              41.1048716
            ],
            [
              16.6791552,
              41.1048838
            ],
            [
              16.6791553,
              41.1048964
            ],
            [
              16.6791562,
              41.1049087
            ],
            [
              16.679158,
              41.1049211
            ],
            [
              16.6791606,
              41.104935
            ],
            [
              16.6791641,
              41.1049487
            ],
            [
              16.6791688,
              41.1049624
            ],
            [
              16.6791749,
              41.1049764
            ],
            [
              16.6791794,
              41.1049847
            ],
            [
              16.6791843,
              41.1049931
            ],
            [
              16.6791903,
              41.105002
            ],
            [
              16.6791975,
              41.1050107
            ],
            [
              16.6792042,
              41.1050176
            ],
            [
              16.6792115,
              41.1050244
            ],
            [
              16.6792202,
              41.105032
            ]
          ],
          [
            [
              16.6793136,
              41.105068
            ],
            [
              16.6802368,
              41.1052653
            ],
            [
              16.6810125,
              41.1054457
            ],
            [
              16.6816298,
              41.1055893
            ],
            [
              16.6817681,
              41.1056215
            ],
            [
              16.6820731,
              41.1056924
            ],
            [
              16.6829819,
              41.1059038
            ],
            [
              16.6833533,
              41.1059902
            ],
            [
              16.6841028,
              41.1061656
            ],
            [
              16.684163,
              41.1061785
            ],
            [
              16.6847109,
              41.106306
            ],
            [
              16.6851995,
              41.1064196
            ],
            [
              16.6855364,
              41.1064993
            ],
            [
              16.6857829,
              41.1065587
            ]
          ],
          [
            [
              16.6790709,
              41.1050718
            ],
            [
              16.6789319,
              41.1050884
            ],
            [
              16.6788644,
              41.1050981
            ],
            [
              16.6787979,
              41.1051088
            ],
            [
              16.6787458,
              41.1051208
            ],
            [
              16.6786966,
              41.1051331
            ],
            [
              16.6783888,
              41.1052165
            ]
          ],
          [
            [
              16.6788635,
              41.1049315
            ],
            [
              16.6789569,
              41.1049624
            ],
            [
              16.6790449,
              41.1049855
            ],
            [
              16.6791538,
              41.1050136
            ],
            [
              16.6792202,
              41.105032
            ]
          ],
          [
            [
              16.6793136,
              41.105068
            ],
            [
              16.6791201,
              41.1050708
            ],
            [
              16.6790709,
              41.1050718
            ]
          ],
          [
            [
              16.6790709,
              41.1050718
            ],
            [
              16.6790312,
              41.1050664
            ],
            [
              16.678995,
              41.1050605
            ],
            [
              16.6789636,
              41.1050529
            ],
            [
              16.6789339,
              41.105044
            ],
            [
              16.6788768,
              41.1050215
            ],
            [
              16.6787785,
              41.1049825
            ]
          ],
          [
            [
              16.6792202,
              41.105032
            ],
            [
              16.6793136,
              41.105068
            ]
          ]
        ]
      }
    },
    {
      "type": "Feature",
      "properties": {
        "official_code": "1555",
        "match_status": "manual",
        "match_basis": "nome_completo",
        "match_notes": "Corrispondenza univoca: nome ufficiale completo identico al nome OpenStreetMap. Inventario: \"VIA AMMIRAGLIO VACCA\". OpenStreetMap: \"Via Ammiraglio Vacca\". Way OSM: 23857141,28797400,29973364,118422768,173576676,173578078,173578080,1301550508,1301550511. Lunghezza 2000 m, estensione 1821 m."
      },
      "geometry": {
        "type": "MultiLineString",
        "coordinates": [
          [
            [
              16.668423,
              41.1111018
            ],
            [
              16.6684025,
              41.1110913
            ],
            [
              16.6683826,
              41.1110806
            ],
            [
              16.6683644,
              41.11107
            ],
            [
              16.6683466,
              41.1110594
            ],
            [
              16.6683262,
              41.111046
            ],
            [
              16.6683088,
              41.1110323
            ],
            [
              16.6682933,
              41.1110177
            ],
            [
              16.6682806,
              41.111003
            ],
            [
              16.6682709,
              41.1109892
            ],
            [
              16.668263,
              41.1109753
            ],
            [
              16.6682566,
              41.1109613
            ],
            [
              16.6682519,
              41.1109471
            ],
            [
              16.6682496,
              41.1109327
            ],
            [
              16.6682493,
              41.1109183
            ],
            [
              16.6682507,
              41.1109046
            ],
            [
              16.6682535,
              41.1108906
            ],
            [
              16.6682603,
              41.1108719
            ],
            [
              16.6682699,
              41.1108537
            ],
            [
              16.6682807,
              41.1108366
            ],
            [
              16.6682932,
              41.1108192
            ],
            [
              16.6683078,
              41.1107999
            ],
            [
              16.6683238,
              41.1107809
            ],
            [
              16.668341,
              41.1107619
            ],
            [
              16.6683586,
              41.1107429
            ]
          ],
          [
            [
              16.6837095,
              41.1101436
            ],
            [
              16.6844256,
              41.1100992
            ],
            [
              16.6852606,
              41.1100552
            ],
            [
              16.6860982,
              41.1099965
            ],
            [
              16.6866188,
              41.1099633
            ],
            [
              16.6866693,
              41.1099602
            ],
            [
              16.6872655,
              41.1099232
            ],
            [
              16.688215,
              41.1098567
            ],
            [
              16.6887282,
              41.1098311
            ],
            [
              16.6888702,
              41.1098363
            ]
          ],
          [
            [
              16.675883,
              41.1106407
            ],
            [
              16.6754894,
              41.1106694
            ],
            [
              16.6752869,
              41.1106818
            ],
            [
              16.6747859,
              41.1107124
            ],
            [
              16.6740826,
              41.1107603
            ],
            [
              16.6729311,
              41.1108388
            ],
            [
              16.6727256,
              41.1108528
            ],
            [
              16.672619,
              41.110859
            ],
            [
              16.6714792,
              41.1109197
            ],
            [
              16.6710263,
              41.1109438
            ],
            [
              16.6686975,
              41.1110859
            ]
          ],
          [
            [
              16.6676103,
              41.1109424
            ],
            [
              16.6676462,
              41.110947
            ],
            [
              16.6676818,
              41.1109521
            ],
            [
              16.6677143,
              41.1109573
            ],
            [
              16.6677465,
              41.1109631
            ],
            [
              16.667776,
              41.1109691
            ],
            [
              16.6678057,
              41.1109755
            ],
            [
              16.6678345,
              41.1109826
            ],
            [
              16.6678616,
              41.1109899
            ],
            [
              16.6678908,
              41.110999
            ],
            [
              16.6679199,
              41.1110089
            ],
            [
              16.6679733,
              41.1110294
            ],
            [
              16.668081,
              41.1110704
            ],
            [
              16.6680995,
              41.1110767
            ],
            [
              16.6681187,
              41.1110823
            ],
            [
              16.6681385,
              41.111087
            ],
            [
              16.6681588,
              41.1110908
            ],
            [
              16.6681786,
              41.1110935
            ],
            [
              16.6681985,
              41.1110959
            ],
            [
              16.6682199,
              41.1110981
            ],
            [
              16.6682416,
              41.1110997
            ],
            [
              16.6682641,
              41.111101
            ],
            [
              16.6682866,
              41.111102
            ],
            [
              16.6683096,
              41.1111026
            ],
            [
              16.6683321,
              41.1111029
            ],
            [
              16.6683544,
              41.1111028
            ],
            [
              16.6683766,
              41.1111027
            ],
            [
              16.668423,
              41.1111018
            ]
          ],
          [
            [
              16.6837095,
              41.1101436
            ],
            [
              16.6832241,
              41.1101744
            ],
            [
              16.6828073,
              41.1102009
            ],
            [
              16.6823004,
              41.1102331
            ],
            [
              16.6815126,
              41.1102831
            ],
            [
              16.6814471,
              41.1102873
            ],
            [
              16.6813588,
              41.1102929
            ],
            [
              16.6796044,
              41.1104043
            ],
            [
              16.6794259,
              41.1104157
            ],
            [
              16.6792811,
              41.1104249
            ],
            [
              16.6787906,
              41.110456
            ],
            [
              16.6786424,
              41.1104654
            ],
            [
              16.678057,
              41.1105026
            ],
            [
              16.6775039,
              41.1105377
            ],
            [
              16.6768892,
              41.1105768
            ],
            [
              16.6765378,
              41.1105991
            ],
            [
              16.676414,
              41.110607
            ],
            [
              16.6760529,
              41.1106299
            ],
            [
              16.675883,
              41.1106407
            ]
          ],
          [
            [
              16.6685645,
              41.1106794
            ],
            [
              16.6685456,
              41.1106992
            ],
            [
              16.6685285,
              41.110719
            ],
            [
              16.6685129,
              41.1107385
            ],
            [
              16.6684982,
              41.1107585
            ],
            [
              16.6684838,
              41.1107808
            ],
            [
              16.6684706,
              41.1108044
            ],
            [
              16.6684613,
              41.1108265
            ],
            [
              16.668456,
              41.1108489
            ],
            [
              16.6684537,
              41.1108683
            ],
            [
              16.6684539,
              41.1108885
            ],
            [
              16.6684561,
              41.1109085
            ],
            [
              16.6684619,
              41.1109287
            ],
            [
              16.668469,
              41.1109445
            ],
            [
              16.6684785,
              41.110961
            ],
            [
              16.6684892,
              41.1109763
            ],
            [
              16.6685021,
              41.1109917
            ],
            [
              16.668516,
              41.1110056
            ],
            [
              16.6685319,
              41.1110192
            ],
            [
              16.6685482,
              41.1110313
            ],
            [
              16.6685668,
              41.1110429
            ],
            [
              16.6685951,
              41.1110572
            ],
            [
              16.6686265,
              41.1110693
            ],
            [
              16.6686608,
              41.1110787
            ],
            [
              16.6686975,
              41.1110859
            ]
          ],
          [
            [
              16.668423,
              41.1111018
            ],
            [
              16.6681277,
              41.1111301
            ]
          ],
          [
            [
              16.6686975,
              41.1110859
            ],
            [
              16.668423,
              41.1111018
            ]
          ],
          [
            [
              16.6681277,
              41.1111301
            ],
            [
              16.6680902,
              41.1111313
            ],
            [
              16.6680523,
              41.1111317
            ],
            [
              16.6680148,
              41.1111309
            ],
            [
              16.667977,
              41.1111292
            ],
            [
              16.6679395,
              41.1111259
            ],
            [
              16.6679018,
              41.1111216
            ],
            [
              16.6678638,
              41.1111157
            ],
            [
              16.6678267,
              41.111109
            ],
            [
              16.6676871,
              41.1110799
            ],
            [
              16.6676517,
              41.1110736
            ],
            [
              16.6676167,
              41.1110681
            ],
            [
              16.6675821,
              41.1110634
            ],
            [
              16.6675473,
              41.111059
            ],
            [
              16.6675183,
              41.1110559
            ],
            [
              16.6674893,
              41.1110531
            ],
            [
              16.6674579,
              41.1110504
            ],
            [
              16.6674262,
              41.1110481
            ],
            [
              16.6673694,
              41.1110445
            ],
            [
              16.6673129,
              41.1110414
            ],
            [
              16.6671977,
              41.1110355
            ]
          ]
        ]
      }
    },
    {
      "type": "Feature",
      "properties": {
        "official_code": "1076",
        "match_status": "manual",
        "match_basis": "nome_completo",
        "match_notes": "Corrispondenza univoca: nome ufficiale completo identico al nome OpenStreetMap. Inventario: \"VIA RAFFAELE PASCULLI\". OpenStreetMap: \"Via Raffaele Pasculli\". Way OSM: 238920233,383444541. Lunghezza 137 m, estensione 137 m."
      },
      "geometry": {
        "type": "MultiLineString",
        "coordinates": [
          [
            [
              16.6910294,
              41.1077333
            ],
            [
              16.6909964,
              41.1077618
            ],
            [
              16.6909218,
              41.1078263
            ],
            [
              16.6903,
              41.1083708
            ]
          ],
          [
            [
              16.6899679,
              41.1086699
            ],
            [
              16.6900003,
              41.1086407
            ],
            [
              16.6903,
              41.1083708
            ]
          ]
        ]
      }
    },
    {
      "type": "Feature",
      "properties": {
        "official_code": "1580",
        "match_status": "manual",
        "match_basis": "nome_completo",
        "match_notes": "Corrispondenza univoca: nome ufficiale completo identico al nome OpenStreetMap. Inventario: \"CORTE VESCOVADO\". OpenStreetMap: \"Corte Vescovado\". Way OSM: 1385626588. Lunghezza 29 m, estensione 29 m."
      },
      "geometry": {
        "type": "LineString",
        "coordinates": [
          [
            16.6903509,
            41.1064365
          ],
          [
            16.6907024,
            41.1064449
          ]
        ]
      }
    },
    {
      "type": "Feature",
      "properties": {
        "official_code": "1115",
        "match_status": "manual",
        "match_basis": "nome_completo",
        "match_notes": "Corrispondenza univoca: nome ufficiale completo identico al nome OpenStreetMap. Inventario: \"VIA PORTA ROBUSTINA\". OpenStreetMap: \"Via Porta Robustina\". Way OSM: 382045548. Lunghezza 178 m, estensione 168 m."
      },
      "geometry": {
        "type": "LineString",
        "coordinates": [
          [
            16.6890728,
            41.1064757
          ],
          [
            16.6889182,
            41.1065844
          ],
          [
            16.688541,
            41.1067961
          ],
          [
            16.6883337,
            41.1068937
          ],
          [
            16.6882835,
            41.1069012
          ],
          [
            16.6879372,
            41.1068993
          ],
          [
            16.6877983,
            41.1068897
          ],
          [
            16.6877213,
            41.1068844
          ],
          [
            16.6875866,
            41.1068745
          ],
          [
            16.6874895,
            41.1068767
          ],
          [
            16.6873456,
            41.1068823
          ],
          [
            16.6872284,
            41.1068871
          ],
          [
            16.687199,
            41.1068848
          ],
          [
            16.6871449,
            41.1068738
          ]
        ]
      }
    },
    {
      "type": "Feature",
      "properties": {
        "official_code": "1554",
        "match_status": "manual",
        "match_basis": "nome_completo",
        "match_notes": "Corrispondenza univoca: nome ufficiale completo identico al nome OpenStreetMap. Inventario: \"VIA DOMENICO URBANO\". OpenStreetMap: \"Via Domenico Urbano\". Way OSM: 30340234. Lunghezza 288 m, estensione 286 m."
      },
      "geometry": {
        "type": "LineString",
        "coordinates": [
          [
            16.698349,
            41.1112063
          ],
          [
            16.6973334,
            41.1108965
          ],
          [
            16.6971788,
            41.1108527
          ],
          [
            16.6970102,
            41.1108068
          ],
          [
            16.6969152,
            41.1107763
          ],
          [
            16.6965647,
            41.1105831
          ],
          [
            16.6958188,
            41.1101952
          ],
          [
            16.695362,
            41.1099577
          ]
        ]
      }
    },
    {
      "type": "Feature",
      "properties": {
        "official_code": "1579",
        "match_status": "manual",
        "match_basis": "nome_completo",
        "match_notes": "Corrispondenza univoca: nome ufficiale completo identico al nome OpenStreetMap. Inventario: \"VIA LE VERGINI\". OpenStreetMap: \"Via Le Vergini\". Way OSM: 381504300. Lunghezza 36 m, estensione 36 m."
      },
      "geometry": {
        "type": "LineString",
        "coordinates": [
          [
            16.6885728,
            41.1071439
          ],
          [
            16.6882835,
            41.1069012
          ]
        ]
      }
    },
    {
      "type": "Feature",
      "properties": {
        "official_code": "1508",
        "match_status": "manual",
        "match_basis": "nome_completo",
        "match_notes": "Corrispondenza univoca: nome ufficiale completo identico al nome OpenStreetMap. Inventario: \"VIA VITO SIRAGUSA\". OpenStreetMap: \"Via Vito Siragusa\". Way OSM: 32338817. Lunghezza 149 m, estensione 149 m."
      },
      "geometry": {
        "type": "LineString",
        "coordinates": [
          [
            16.6918808,
            41.1146264
          ],
          [
            16.6929592,
            41.114512
          ],
          [
            16.6936454,
            41.1144352
          ]
        ]
      }
    },
    {
      "type": "Feature",
      "properties": {
        "official_code": "1590",
        "match_status": "manual",
        "match_basis": "nome_completo",
        "match_notes": "Corrispondenza univoca: nome ufficiale completo identico al nome OpenStreetMap. Inventario: \"VIA ZUAVO\". OpenStreetMap: \"Via Zuavo\". Way OSM: 205063164. Lunghezza 165 m, estensione 165 m."
      },
      "geometry": {
        "type": "LineString",
        "coordinates": [
          [
            16.6952024,
            41.1066388
          ],
          [
            16.6953575,
            41.1069964
          ],
          [
            16.6958158,
            41.1080457
          ]
        ]
      }
    },
    {
      "type": "Feature",
      "properties": {
        "official_code": "380",
        "match_status": "manual",
        "match_basis": "nome_completo",
        "match_notes": "Corrispondenza univoca: nome ufficiale completo identico al nome OpenStreetMap. Inventario: \"VIA ENRICO BERLINGUER\". OpenStreetMap: \"Via Enrico Berlinguer\". Way OSM: 204725405. Lunghezza 636 m, estensione 627 m."
      },
      "geometry": {
        "type": "LineString",
        "coordinates": [
          [
            16.7077128,
            41.1074121
          ],
          [
            16.7076807,
            41.1073674
          ],
          [
            16.707617,
            41.1073321
          ],
          [
            16.7070566,
            41.1072276
          ],
          [
            16.7068754,
            41.1071906
          ],
          [
            16.7056762,
            41.1069575
          ],
          [
            16.7053962,
            41.1069031
          ],
          [
            16.703259,
            41.1064916
          ],
          [
            16.7019723,
            41.1062336
          ],
          [
            16.7019014,
            41.106225
          ],
          [
            16.7018199,
            41.1062244
          ],
          [
            16.7010789,
            41.1063577
          ],
          [
            16.7009858,
            41.1063648
          ],
          [
            16.7008998,
            41.1063564
          ],
          [
            16.7004812,
            41.1062638
          ],
          [
            16.7004007,
            41.106248
          ]
        ]
      }
    },
    {
      "type": "Feature",
      "properties": {
        "official_code": "645",
        "match_status": "manual",
        "match_basis": "nome_completo",
        "match_notes": "Corrispondenza univoca: nome ufficiale completo identico al nome OpenStreetMap. Inventario: \"VIA MAGGIORE\". OpenStreetMap: \"Via Maggiore\". Way OSM: 383481034,383481037. Lunghezza 231 m, estensione 226 m."
      },
      "geometry": {
        "type": "MultiLineString",
        "coordinates": [
          [
            [
              16.6877213,
              41.1068844
            ],
            [
              16.6878117,
              41.1066808
            ],
            [
              16.6879042,
              41.1065221
            ],
            [
              16.6879809,
              41.1064535
            ],
            [
              16.6879901,
              41.1064453
            ],
            [
              16.6880853,
              41.1061816
            ],
            [
              16.6881841,
              41.1060327
            ],
            [
              16.688265,
              41.1059108
            ],
            [
              16.6883242,
              41.1058206
            ]
          ],
          [
            [
              16.6883242,
              41.1058206
            ],
            [
              16.6885091,
              41.1055874
            ],
            [
              16.6887062,
              41.1054631
            ],
            [
              16.6889087,
              41.1053206
            ],
            [
              16.6891363,
              41.105157
            ]
          ]
        ]
      }
    },
    {
      "type": "Feature",
      "properties": {
        "official_code": "648",
        "match_status": "manual",
        "match_basis": "nome_completo",
        "match_notes": "Corrispondenza univoca: nome ufficiale completo identico al nome OpenStreetMap. Inventario: \"VICO MAIULLARI\". OpenStreetMap: \"Vico Maiullari\". Way OSM: 1385636069. Lunghezza 27 m, estensione 25 m."
      },
      "geometry": {
        "type": "LineString",
        "coordinates": [
          [
            16.6878002,
            41.1082967
          ],
          [
            16.6877616,
            41.1082568
          ],
          [
            16.6877433,
            41.1082342
          ],
          [
            16.6877412,
            41.1082139
          ],
          [
            16.6877562,
            41.1081954
          ],
          [
            16.6878023,
            41.1080782
          ]
        ]
      }
    },
    {
      "type": "Feature",
      "properties": {
        "official_code": "117",
        "match_status": "manual",
        "match_basis": "nome_completo",
        "match_notes": "Corrispondenza univoca: nome ufficiale completo identico al nome OpenStreetMap. Inventario: \"VIA FRANCESCO CERVELLI\". OpenStreetMap: \"Via Francesco Cervelli\". Way OSM: 608278490. Lunghezza 127 m, estensione 127 m."
      },
      "geometry": {
        "type": "LineString",
        "coordinates": [
          [
            16.6946641,
            41.1123951
          ],
          [
            16.6944544,
            41.112177
          ],
          [
            16.6937704,
            41.1114678
          ]
        ]
      }
    },
    {
      "type": "Feature",
      "properties": {
        "official_code": "547",
        "match_status": "manual",
        "match_basis": "nome_completo",
        "match_notes": "Corrispondenza univoca: nome ufficiale completo identico al nome OpenStreetMap. Inventario: \"VIA GALILEO GALILEI\". OpenStreetMap: \"Via Galileo Galilei\". Way OSM: 173458896. Lunghezza 196 m, estensione 195 m."
      },
      "geometry": {
        "type": "LineString",
        "coordinates": [
          [
            16.6930281,
            41.1060033
          ],
          [
            16.6929855,
            41.1059025
          ],
          [
            16.6929579,
            41.1058493
          ],
          [
            16.692883,
            41.1057628
          ],
          [
            16.6919288,
            41.1047725
          ],
          [
            16.6917656,
            41.1045254
          ]
        ]
      }
    },
    {
      "type": "Feature",
      "properties": {
        "official_code": "114",
        "match_status": "manual",
        "match_basis": "nome_completo",
        "match_notes": "Corrispondenza univoca: nome ufficiale completo identico al nome OpenStreetMap. Inventario: \"VIA PASQUALE CENTOLA\". OpenStreetMap: \"Via Pasquale Centola\". Way OSM: 29973097. Lunghezza 201 m, estensione 201 m."
      },
      "geometry": {
        "type": "LineString",
        "coordinates": [
          [
            16.69789,
            41.1121798
          ],
          [
            16.6978269,
            41.1122965
          ],
          [
            16.697515,
            41.1128733
          ],
          [
            16.6972083,
            41.113457
          ],
          [
            16.6969898,
            41.1138517
          ]
        ]
      }
    },
    {
      "type": "Feature",
      "properties": {
        "official_code": "126",
        "match_status": "manual",
        "match_basis": "nome_completo",
        "match_notes": "Corrispondenza univoca: nome ufficiale completo identico al nome OpenStreetMap. Inventario: \"CORTE CICILIANA\". OpenStreetMap: \"Corte Ciciliana\". Way OSM: 1348086776. Lunghezza 16 m, estensione 16 m."
      },
      "geometry": {
        "type": "LineString",
        "coordinates": [
          [
            16.6899683,
            41.1074153
          ],
          [
            16.6897754,
            41.1074209
          ]
        ]
      }
    },
    {
      "type": "Feature",
      "properties": {
        "official_code": "1551",
        "match_status": "manual",
        "match_basis": "nome_completo",
        "match_notes": "Corrispondenza univoca: nome ufficiale completo identico al nome OpenStreetMap. Inventario: \"CORTE TRENTO\". OpenStreetMap: \"Corte Trento\". Way OSM: 1348086775. Lunghezza 27 m, estensione 27 m."
      },
      "geometry": {
        "type": "LineString",
        "coordinates": [
          [
            16.689969,
            41.1074679
          ],
          [
            16.6897451,
            41.1074964
          ],
          [
            16.68965,
            41.107518
          ]
        ]
      }
    },
    {
      "type": "Feature",
      "properties": {
        "official_code": "85",
        "match_status": "manual",
        "match_basis": "nome_completo",
        "match_notes": "Corrispondenza univoca: nome ufficiale completo identico al nome OpenStreetMap. Inventario: \"VIA GIUSEPPE CAPALDI\". OpenStreetMap: \"Via Giuseppe Capaldi\". Way OSM: 167677072,282105626. Lunghezza 221 m, estensione 221 m."
      },
      "geometry": {
        "type": "MultiLineString",
        "coordinates": [
          [
            [
              16.6851418,
              41.1120243
            ],
            [
              16.685792,
              41.1115637
            ]
          ],
          [
            [
              16.6851418,
              41.1120243
            ],
            [
              16.6842197,
              41.1126626
            ],
            [
              16.6838646,
              41.1129145
            ]
          ]
        ]
      }
    },
    {
      "type": "Feature",
      "properties": {
        "official_code": "543",
        "match_status": "manual",
        "match_basis": "nome_completo",
        "match_notes": "Corrispondenza univoca: nome ufficiale completo identico al nome OpenStreetMap. Inventario: \"VICO DEL FOSSATO\". OpenStreetMap: \"Vico del Fossato\". Way OSM: 1089660528. Lunghezza 46 m, estensione 46 m."
      },
      "geometry": {
        "type": "LineString",
        "coordinates": [
          [
            16.6907286,
            41.1082566
          ],
          [
            16.6910876,
            41.107941
          ]
        ]
      }
    },
    {
      "type": "Feature",
      "properties": {
        "official_code": "254",
        "match_status": "manual",
        "match_basis": "nome_completo",
        "match_notes": "Corrispondenza univoca: nome ufficiale completo identico al nome OpenStreetMap. Inventario: \"VIA ANDREA MATTEO ACQUAVIVA\". OpenStreetMap: \"Via Andrea Matteo Acquaviva\". Way OSM: 1385638523. Lunghezza 45 m, estensione 45 m."
      },
      "geometry": {
        "type": "LineString",
        "coordinates": [
          [
            16.6932067,
            41.113965
          ],
          [
            16.6930895,
            41.1135732
          ]
        ]
      }
    },
    {
      "type": "Feature",
      "properties": {
        "official_code": "55",
        "match_status": "manual",
        "match_basis": "nome_completo",
        "match_notes": "Corrispondenza univoca: nome ufficiale completo identico al nome OpenStreetMap. Inventario: \"VIA VINCENZO BELLEZZA\". OpenStreetMap: \"Via Vincenzo Bellezza\". Way OSM: 282455671. Lunghezza 164 m, estensione 164 m."
      },
      "geometry": {
        "type": "LineString",
        "coordinates": [
          [
            16.6893601,
            41.1141222
          ],
          [
            16.6899031,
            41.1136999
          ],
          [
            16.6902857,
            41.1133912
          ],
          [
            16.6907499,
            41.1130801
          ]
        ]
      }
    },
    {
      "type": "Feature",
      "properties": {
        "official_code": "502",
        "match_status": "manual",
        "match_basis": "nome_completo",
        "match_notes": "Corrispondenza univoca: nome ufficiale completo identico al nome OpenStreetMap. Inventario: \"VIA GIUSEPPE DE NAPOLI\". OpenStreetMap: \"Via Giuseppe de Napoli\". Way OSM: 1125503962. Lunghezza 125 m, estensione 125 m."
      },
      "geometry": {
        "type": "LineString",
        "coordinates": [
          [
            16.6829377,
            41.111324
          ],
          [
            16.6828941,
            41.110948
          ],
          [
            16.6828073,
            41.1102009
          ]
        ]
      }
    },
    {
      "type": "Feature",
      "properties": {
        "official_code": "101",
        "match_status": "manual",
        "match_basis": "nome_completo",
        "match_notes": "Corrispondenza univoca: nome ufficiale completo identico al nome OpenStreetMap. Inventario: \"CORTE CASANA\". OpenStreetMap: \"Corte Casana\". Way OSM: 1385636071. Lunghezza 14 m, estensione 14 m."
      },
      "geometry": {
        "type": "LineString",
        "coordinates": [
          [
            16.6876107,
            41.1079726
          ],
          [
            16.6876588,
            41.10809
          ]
        ]
      }
    },
    {
      "type": "Feature",
      "properties": {
        "official_code": "113",
        "match_status": "manual",
        "match_basis": "nome_completo",
        "match_notes": "Corrispondenza univoca: nome ufficiale completo identico al nome OpenStreetMap. Inventario: \"VIA LUIGI CENTOLA\". OpenStreetMap: \"Via Luigi Centola\". Way OSM: 31121690. Lunghezza 101 m, estensione 101 m."
      },
      "geometry": {
        "type": "LineString",
        "coordinates": [
          [
            16.6971788,
            41.1108527
          ],
          [
            16.6966884,
            41.1116798
          ]
        ]
      }
    },
    {
      "type": "Feature",
      "properties": {
        "official_code": "640",
        "match_status": "manual",
        "match_basis": "nome_completo",
        "match_notes": "Corrispondenza univoca: nome ufficiale completo identico al nome OpenStreetMap. Inventario: \"VIA FRANCESCO PAOLO LUISO\". OpenStreetMap: \"Via Francesco Paolo Luiso\". Way OSM: 205063163. Lunghezza 204 m, estensione 204 m."
      },
      "geometry": {
        "type": "LineString",
        "coordinates": [
          [
            16.6876926,
            41.1138331
          ],
          [
            16.6883445,
            41.1133942
          ],
          [
            16.6889505,
            41.1129877
          ],
          [
            16.6889713,
            41.1129742
          ],
          [
            16.6895142,
            41.112621
          ]
        ]
      }
    },
    {
      "type": "Feature",
      "properties": {
        "official_code": "255",
        "match_status": "manual",
        "match_basis": "nome_completo",
        "match_notes": "Corrispondenza univoca: nome ufficiale completo identico al nome OpenStreetMap. Inventario: \"VIA MICHELANGELO COSTANTINO\". OpenStreetMap: \"Via Michelangelo Costantino\". Way OSM: 384722038. Lunghezza 40 m, estensione 40 m."
      },
      "geometry": {
        "type": "LineString",
        "coordinates": [
          [
            16.6978818,
            41.1062272
          ],
          [
            16.6977092,
            41.1058904
          ]
        ]
      }
    },
    {
      "type": "Feature",
      "properties": {
        "official_code": "512",
        "match_status": "manual",
        "match_basis": "nome_completo",
        "match_notes": "Corrispondenza univoca: nome ufficiale completo identico al nome OpenStreetMap. Inventario: \"VIA GIUSEPPE DI VITTORIO\". OpenStreetMap: \"Via Giuseppe Di Vittorio\". Way OSM: 32338830. Lunghezza 61 m, estensione 61 m."
      },
      "geometry": {
        "type": "LineString",
        "coordinates": [
          [
            16.6937928,
            41.1146869
          ],
          [
            16.6944394,
            41.1144442
          ]
        ]
      }
    },
    {
      "type": "Feature",
      "properties": {
        "official_code": "523",
        "match_status": "manual",
        "match_basis": "nome_completo",
        "match_notes": "Corrispondenza univoca: nome ufficiale completo identico al nome OpenStreetMap. Inventario: \"VIA LUIGI EINAUDI\". OpenStreetMap: \"Via Luigi Einaudi\". Way OSM: 608272224. Lunghezza 67 m, estensione 67 m."
      },
      "geometry": {
        "type": "LineString",
        "coordinates": [
          [
            16.6914969,
            41.1129849
          ],
          [
            16.6922971,
            41.112953
          ]
        ]
      }
    },
    {
      "type": "Feature",
      "properties": {
        "official_code": "131",
        "match_status": "manual",
        "match_basis": "nome_completo",
        "match_notes": "Corrispondenza univoca: nome ufficiale completo identico al nome OpenStreetMap. Inventario: \"VIA PASQUALE CIOFFRESE\". OpenStreetMap: \"Via Pasquale Cioffrese\". Way OSM: 31121964. Lunghezza 105 m, estensione 102 m."
      },
      "geometry": {
        "type": "LineString",
        "coordinates": [
          [
            16.6914956,
            41.1116414
          ],
          [
            16.6914127,
            41.1116407
          ],
          [
            16.6907822,
            41.1116396
          ],
          [
            16.6906086,
            41.1116416
          ],
          [
            16.6902885,
            41.1117743
          ]
        ]
      }
    },
    {
      "type": "Feature",
      "properties": {
        "official_code": "250",
        "match_status": "manual",
        "match_basis": "nome_completo",
        "match_notes": "Corrispondenza univoca: nome ufficiale completo identico al nome OpenStreetMap. Inventario: \"VIA GUIDONE\". OpenStreetMap: \"Via Guidone\". Way OSM: 1222719141. Lunghezza 51 m, estensione 51 m."
      },
      "geometry": {
        "type": "LineString",
        "coordinates": [
          [
            16.6847109,
            41.106306
          ],
          [
            16.6848927,
            41.1058682
          ]
        ]
      }
    },
    {
      "type": "Feature",
      "properties": {
        "official_code": "376",
        "match_status": "manual",
        "match_basis": "nome_completo",
        "match_notes": "Corrispondenza univoca: nome ufficiale completo identico al nome OpenStreetMap. Inventario: \"VIA EMANUELE CICINNATI\". OpenStreetMap: \"Via Emanuele Cicinnati\". Way OSM: 1056189571,1056189572. Lunghezza 117 m, estensione 80 m."
      },
      "geometry": {
        "type": "MultiLineString",
        "coordinates": [
          [
            [
              16.701793,
              41.1174884
            ],
            [
              16.7012774,
              41.1179329
            ]
          ],
          [
            [
              16.7011616,
              41.1179085
            ],
            [
              16.7012774,
              41.1179329
            ],
            [
              16.7013774,
              41.117954
            ],
            [
              16.7017486,
              41.1180323
            ]
          ]
        ]
      }
    },
    {
      "type": "Feature",
      "properties": {
        "official_code": "259",
        "match_status": "manual",
        "match_basis": "nome_completo",
        "match_notes": "Corrispondenza univoca: nome ufficiale completo identico al nome OpenStreetMap. Inventario: \"VIA GIOVANNI BATTISTA ABBADESSA\". OpenStreetMap: \"Via Giovanni Battista Abbadessa\". Way OSM: 384722040. Lunghezza 83 m, estensione 83 m."
      },
      "geometry": {
        "type": "LineString",
        "coordinates": [
          [
            16.6991787,
            41.1075585
          ],
          [
            16.6981932,
            41.1076576
          ]
        ]
      }
    },
    {
      "type": "Feature",
      "properties": {
        "official_code": "363",
        "match_status": "manual",
        "match_basis": "nome_completo",
        "match_notes": "Corrispondenza univoca: nome ufficiale completo identico al nome OpenStreetMap. Inventario: \"VIA VITANTONIO VITONE\". OpenStreetMap: \"Via Vitantonio Vitone\". Way OSM: 383740373. Lunghezza 206 m, estensione 206 m."
      },
      "geometry": {
        "type": "LineString",
        "coordinates": [
          [
            16.6969743,
            41.1023359
          ],
          [
            16.6967425,
            41.1019771
          ],
          [
            16.6965232,
            41.1016346
          ],
          [
            16.6964328,
            41.101505
          ],
          [
            16.6963045,
            41.1013072
          ],
          [
            16.6958738,
            41.1006826
          ]
        ]
      }
    },
    {
      "type": "Feature",
      "properties": {
        "official_code": "256",
        "match_status": "manual",
        "match_basis": "nome_completo",
        "match_notes": "Corrispondenza univoca: nome ufficiale completo identico al nome OpenStreetMap. Inventario: \"VIA MICHELE E GIUSEPPE MASOTINO\". OpenStreetMap: \"Via Michele e Giuseppe Masotino\". Way OSM: 1385626582. Lunghezza 57 m, estensione 57 m."
      },
      "geometry": {
        "type": "LineString",
        "coordinates": [
          [
            16.6981463,
            41.1057574
          ],
          [
            16.6983868,
            41.1062364
          ]
        ]
      }
    },
    {
      "type": "Feature",
      "properties": {
        "official_code": "261",
        "match_status": "manual",
        "match_basis": "nome_completo",
        "match_notes": "Corrispondenza univoca: nome ufficiale completo identico al nome OpenStreetMap. Inventario: \"VIA GIACOMO SARACINO\". OpenStreetMap: \"Via Giacomo Saracino\". Way OSM: 382854043. Lunghezza 182 m, estensione 182 m."
      },
      "geometry": {
        "type": "LineString",
        "coordinates": [
          [
            16.699503,
            41.1159202
          ],
          [
            16.7000671,
            41.1148414
          ],
          [
            16.7003115,
            41.1144
          ]
        ]
      }
    },
    {
      "type": "Feature",
      "properties": {
        "official_code": "72",
        "match_status": "manual",
        "match_basis": "nome_completo",
        "match_notes": "Corrispondenza univoca: nome ufficiale completo identico al nome OpenStreetMap. Inventario: \"VIA BENEDETTO CAIROLI\". OpenStreetMap: \"Via Benedetto Cairoli\". Way OSM: 205063152,383522408. Lunghezza 232 m, estensione 223 m."
      },
      "geometry": {
        "type": "MultiLineString",
        "coordinates": [
          [
            [
              16.6942317,
              41.1082614
            ],
            [
              16.6939028,
              41.1084199
            ],
            [
              16.6933792,
              41.1086617
            ],
            [
              16.6932503,
              41.1087264
            ],
            [
              16.6924532,
              41.1091202
            ],
            [
              16.6924122,
              41.1091405
            ]
          ],
          [
            [
              16.6942317,
              41.1082614
            ],
            [
              16.6944359,
              41.1081586
            ],
            [
              16.6944905,
              41.1078901
            ]
          ]
        ]
      }
    },
    {
      "type": "Feature",
      "properties": {
        "official_code": "550",
        "match_status": "manual",
        "match_basis": "nome_completo",
        "match_notes": "Corrispondenza univoca: nome ufficiale completo identico al nome OpenStreetMap. Inventario: \"VIA RAFFAELE GALLO\". OpenStreetMap: \"Via Raffaele Gallo\". Way OSM: 104402474,1487252568. Lunghezza 310 m, estensione 307 m."
      },
      "geometry": {
        "type": "MultiLineString",
        "coordinates": [
          [
            [
              16.6935439,
              41.11393
            ],
            [
              16.6936454,
              41.1144352
            ],
            [
              16.6936622,
              41.1144716
            ],
            [
              16.6937928,
              41.1146869
            ],
            [
              16.6938631,
              41.1148128
            ],
            [
              16.6941847,
              41.1153127
            ],
            [
              16.6944938,
              41.1158074
            ],
            [
              16.694872,
              41.1164078
            ]
          ],
          [
            [
              16.694872,
              41.1164078
            ],
            [
              16.6948348,
              41.1165014
            ]
          ]
        ]
      }
    },
    {
      "type": "Feature",
      "properties": {
        "official_code": "373",
        "match_status": "manual",
        "match_basis": "nome_completo",
        "match_notes": "Corrispondenza univoca: nome ufficiale completo identico al nome OpenStreetMap. Inventario: \"PIAZZALE PROF. GIUSEPPE TEMPESTA\". OpenStreetMap: \"Piazzale Prof. Giuseppe Tempesta\". Way OSM: 1385638521. Lunghezza 75 m, estensione 34 m."
      },
      "geometry": {
        "type": "LineString",
        "coordinates": [
          [
            16.7005766,
            41.1104049
          ],
          [
            16.7006076,
            41.110433
          ],
          [
            16.7006134,
            41.1104447
          ],
          [
            16.7006243,
            41.1104672
          ],
          [
            16.7006249,
            41.1105038
          ],
          [
            16.7006093,
            41.1105383
          ],
          [
            16.7005921,
            41.1105548
          ],
          [
            16.7005793,
            41.110567
          ],
          [
            16.7005383,
            41.1105865
          ],
          [
            16.700491,
            41.1105945
          ],
          [
            16.7004454,
            41.1105908
          ],
          [
            16.7004037,
            41.1105763
          ],
          [
            16.7003702,
            41.1105527
          ],
          [
            16.7003483,
            41.1105222
          ],
          [
            16.7003404,
            41.1104882
          ],
          [
            16.7003472,
            41.110454
          ],
          [
            16.700368,
            41.1104231
          ],
          [
            16.7004007,
            41.1103989
          ],
          [
            16.7004164,
            41.1103931
          ],
          [
            16.7004419,
            41.1103836
          ],
          [
            16.7004874,
            41.110379
          ],
          [
            16.700535,
            41.1103862
          ],
          [
            16.7005766,
            41.1104049
          ]
        ]
      }
    },
    {
      "type": "Feature",
      "properties": {
        "official_code": "285",
        "match_status": "manual",
        "match_basis": "nome_completo",
        "match_notes": "Corrispondenza univoca: nome ufficiale completo identico al nome OpenStreetMap. Inventario: \"VIA FRANCESCO MUCIACCIA\". OpenStreetMap: \"Via Francesco Muciaccia\". Way OSM: 205063166. Lunghezza 67 m, estensione 67 m."
      },
      "geometry": {
        "type": "LineString",
        "coordinates": [
          [
            16.6998732,
            41.1123531
          ],
          [
            16.7002708,
            41.1118339
          ]
        ]
      }
    },
    {
      "type": "Feature",
      "properties": {
        "official_code": "661",
        "match_status": "manual",
        "match_basis": "nome_completo",
        "match_notes": "Corrispondenza univoca: nome ufficiale completo identico al nome OpenStreetMap. Inventario: \"VIA GIUSEPPE ORONZO MARTUCCI\". OpenStreetMap: \"Via Giuseppe Oronzo Martucci\". Way OSM: 414136332. Lunghezza 81 m, estensione 79 m."
      },
      "geometry": {
        "type": "LineString",
        "coordinates": [
          [
            16.6885728,
            41.1071439
          ],
          [
            16.6885405,
            41.1071652
          ],
          [
            16.688519,
            41.1071891
          ],
          [
            16.6884422,
            41.1073679
          ],
          [
            16.6884381,
            41.107388
          ],
          [
            16.6884694,
            41.1076381
          ],
          [
            16.6884674,
            41.1077123
          ],
          [
            16.6884443,
            41.107843
          ]
        ]
      }
    },
    {
      "type": "Feature",
      "properties": {
        "official_code": "564",
        "match_status": "manual",
        "match_basis": "nome_completo",
        "match_notes": "Corrispondenza univoca: nome ufficiale completo identico al nome OpenStreetMap. Inventario: \"VIA LUCA GENTILE\". OpenStreetMap: \"Via Luca Gentile\". Way OSM: 1123932270. Lunghezza 73 m, estensione 73 m."
      },
      "geometry": {
        "type": "LineString",
        "coordinates": [
          [
            16.6868581,
            41.113221
          ],
          [
            16.6874514,
            41.1127463
          ]
        ]
      }
    },
    {
      "type": "Feature",
      "properties": {
        "official_code": "94",
        "match_status": "manual",
        "match_basis": "nome_completo",
        "match_notes": "Corrispondenza univoca: nome ufficiale completo identico al nome OpenStreetMap. Inventario: \"VIA MICHELE CARELLI\". OpenStreetMap: \"Via Michele Carelli\". Way OSM: 230498194. Lunghezza 87 m, estensione 87 m."
      },
      "geometry": {
        "type": "LineString",
        "coordinates": [
          [
            16.6963266,
            41.1067143
          ],
          [
            16.6953575,
            41.1069964
          ]
        ]
      }
    },
    {
      "type": "Feature",
      "properties": {
        "official_code": "361",
        "match_status": "manual",
        "match_basis": "nome_completo",
        "match_notes": "Corrispondenza univoca: nome ufficiale completo identico al nome OpenStreetMap. Inventario: \"VIALE GIUSEPPE LAZZATI\". OpenStreetMap: \"Viale Giuseppe Lazzati\". Way OSM: 23857137,1423331861,1423331862,1423331864,1423331865,1423331866,1423331868,1423331871,1423331872,1423331873,1487252580. Lunghezza 730 m, estensione 730 m."
      },
      "geometry": {
        "type": "MultiLineString",
        "coordinates": [
          [
            [
              16.6899834,
              41.1164721
            ],
            [
              16.6890487,
              41.1162631
            ]
          ],
          [
            [
              16.683107,
              41.114864
            ],
            [
              16.6816731,
              41.1144917
            ]
          ],
          [
            [
              16.683305,
              41.1149147
            ],
            [
              16.683107,
              41.114864
            ]
          ],
          [
            [
              16.6848054,
              41.1152771
            ],
            [
              16.6841304,
              41.1151173
            ],
            [
              16.683921,
              41.115067
            ],
            [
              16.683305,
              41.1149147
            ]
          ],
          [
            [
              16.6852896,
              41.1153922
            ],
            [
              16.6851757,
              41.1153651
            ]
          ],
          [
            [
              16.6884919,
              41.1161333
            ],
            [
              16.6876337,
              41.1159427
            ]
          ],
          [
            [
              16.6890487,
              41.1162631
            ],
            [
              16.6884919,
              41.1161333
            ]
          ],
          [
            [
              16.6875183,
              41.1159167
            ],
            [
              16.6871163,
              41.115826
            ]
          ],
          [
            [
              16.6871163,
              41.115826
            ],
            [
              16.686833,
              41.115762
            ],
            [
              16.6865752,
              41.1157004
            ],
            [
              16.6862806,
              41.1156303
            ],
            [
              16.6857766,
              41.1155097
            ],
            [
              16.6857313,
              41.1154989
            ],
            [
              16.6852896,
              41.1153922
            ]
          ],
          [
            [
              16.6876337,
              41.1159427
            ],
            [
              16.6875183,
              41.1159167
            ]
          ],
          [
            [
              16.6851757,
              41.1153651
            ],
            [
              16.6848054,
              41.1152771
            ]
          ]
        ]
      }
    },
    {
      "type": "Feature",
      "properties": {
        "official_code": "13",
        "match_status": "manual",
        "match_basis": "nome_completo",
        "match_notes": "Corrispondenza univoca: nome ufficiale completo identico al nome OpenStreetMap. Inventario: \"VIA VITTORIO ALFIERI\". OpenStreetMap: \"Via Vittorio Alfieri\". Way OSM: 383481030. Lunghezza 113 m, estensione 105 m."
      },
      "geometry": {
        "type": "LineString",
        "coordinates": [
          [
            16.6907582,
            41.107015
          ],
          [
            16.6908606,
            41.106986
          ],
          [
            16.6910094,
            41.1069398
          ],
          [
            16.6913039,
            41.1068849
          ],
          [
            16.6914501,
            41.106698
          ],
          [
            16.6914939,
            41.1066887
          ],
          [
            16.6916124,
            41.1066636
          ],
          [
            16.6919188,
            41.1067361
          ]
        ]
      }
    },
    {
      "type": "Feature",
      "properties": {
        "official_code": "284",
        "match_status": "manual",
        "match_basis": "nome_completo",
        "match_notes": "Corrispondenza univoca: nome ufficiale completo identico al nome OpenStreetMap. Inventario: \"VIA ANGELO MESSENI\". OpenStreetMap: \"Via Angelo Messeni\". Way OSM: 382854038. Lunghezza 283 m, estensione 282 m."
      },
      "geometry": {
        "type": "LineString",
        "coordinates": [
          [
            16.6955112,
            41.1096454
          ],
          [
            16.6955585,
            41.1096877
          ],
          [
            16.6961677,
            41.1098191
          ],
          [
            16.6967767,
            41.1099505
          ],
          [
            16.697014,
            41.1100045
          ],
          [
            16.6976934,
            41.1101628
          ],
          [
            16.6986961,
            41.1104723
          ]
        ]
      }
    },
    {
      "type": "Feature",
      "properties": {
        "official_code": "590",
        "match_status": "manual",
        "match_basis": "nome_completo",
        "match_notes": "Corrispondenza univoca: nome ufficiale completo identico al nome OpenStreetMap. Inventario: \"VIA CARLO GOLDONI\". OpenStreetMap: \"Via Carlo Goldoni\". Way OSM: 638279970,1316749854,1316749855,1316749856,1316749857,1316749858,1316749859. Lunghezza 29 m, estensione 29 m."
      },
      "geometry": {
        "type": "MultiLineString",
        "coordinates": [
          [
            [
              16.6922155,
              41.1067342
            ],
            [
              16.692291,
              41.1067651
            ]
          ],
          [
            [
              16.6919887,
              41.1066415
            ],
            [
              16.692103,
              41.1066883
            ]
          ],
          [
            [
              16.692103,
              41.1066883
            ],
            [
              16.6921205,
              41.1066954
            ]
          ],
          [
            [
              16.6921205,
              41.1066954
            ],
            [
              16.692155,
              41.1067095
            ]
          ],
          [
            [
              16.692172,
              41.1067165
            ],
            [
              16.6921989,
              41.1067275
            ]
          ],
          [
            [
              16.692155,
              41.1067095
            ],
            [
              16.692172,
              41.1067165
            ]
          ],
          [
            [
              16.6921989,
              41.1067275
            ],
            [
              16.6922155,
              41.1067342
            ]
          ]
        ]
      }
    },
    {
      "type": "Feature",
      "properties": {
        "official_code": "305",
        "match_status": "manual",
        "match_basis": "nome_completo",
        "match_notes": "Corrispondenza univoca: nome ufficiale completo identico al nome OpenStreetMap. Inventario: \"VIA VALERIO MARZIALE\". OpenStreetMap: \"Via Valerio Marziale\". Way OSM: 1222719135. Lunghezza 73 m, estensione 72 m."
      },
      "geometry": {
        "type": "LineString",
        "coordinates": [
          [
            16.6802248,
            41.1046199
          ],
          [
            16.6801947,
            41.1048644
          ],
          [
            16.6802533,
            41.1049845
          ],
          [
            16.6802368,
            41.1052653
          ]
        ]
      }
    },
    {
      "type": "Feature",
      "properties": {
        "official_code": "105",
        "match_status": "manual",
        "match_basis": "nome_completo",
        "match_notes": "Corrispondenza univoca: nome ufficiale completo identico al nome OpenStreetMap. Inventario: \"VIA LUIGI CASTELLUCCI\". OpenStreetMap: \"Via Luigi Castellucci\". Way OSM: 34096791. Lunghezza 343 m, estensione 343 m."
      },
      "geometry": {
        "type": "LineString",
        "coordinates": [
          [
            16.6859628,
            41.1069119
          ],
          [
            16.686004,
            41.10757
          ],
          [
            16.6860195,
            41.1079401
          ],
          [
            16.6860325,
            41.1082907
          ],
          [
            16.6860477,
            41.1086763
          ],
          [
            16.6860505,
            41.1087615
          ],
          [
            16.6860714,
            41.1094171
          ],
          [
            16.6860982,
            41.1099965
          ]
        ]
      }
    },
    {
      "type": "Feature",
      "properties": {
        "official_code": "559",
        "match_status": "manual",
        "match_basis": "nome_completo",
        "match_notes": "Corrispondenza univoca: nome ufficiale completo identico al nome OpenStreetMap. Inventario: \"ARCO DEL GELSO\". OpenStreetMap: \"Arco del Gelso\". Way OSM: 1385636070. Lunghezza 22 m, estensione 22 m."
      },
      "geometry": {
        "type": "LineString",
        "coordinates": [
          [
            16.6877872,
            41.1080754
          ],
          [
            16.6878146,
            41.1080014
          ],
          [
            16.6878387,
            41.1079667
          ],
          [
            16.6879151,
            41.1079027
          ]
        ]
      }
    },
    {
      "type": "Feature",
      "properties": {
        "official_code": "587",
        "match_status": "manual",
        "match_basis": "nome_completo",
        "match_notes": "Corrispondenza univoca: nome ufficiale completo identico al nome OpenStreetMap. Inventario: \"VIA NICOLA GLIRO\". OpenStreetMap: \"Via Nicola Gliro\". Way OSM: 173536224,181903577,298399014,430658759. Lunghezza 300 m, estensione 287 m."
      },
      "geometry": {
        "type": "MultiLineString",
        "coordinates": [
          [
            [
              16.6973047,
              41.1060134
            ],
            [
              16.6975119,
              41.106343
            ],
            [
              16.6978818,
              41.1062272
            ]
          ],
          [
            [
              16.700011,
              41.1076012
            ],
            [
              16.6998732,
              41.1075485
            ],
            [
              16.6991304,
              41.1072653
            ]
          ],
          [
            [
              16.6990877,
              41.1070224
            ],
            [
              16.6989604,
              41.1070277
            ],
            [
              16.6989131,
              41.10702
            ],
            [
              16.6988557,
              41.1069998
            ],
            [
              16.6987987,
              41.1069657
            ],
            [
              16.6987237,
              41.106911
            ],
            [
              16.6984436,
              41.1066933
            ],
            [
              16.6983458,
              41.1066251
            ],
            [
              16.6981686,
              41.1065309
            ],
            [
              16.6981165,
              41.1064955
            ],
            [
              16.6980593,
              41.1064343
            ],
            [
              16.6980316,
              41.1063988
            ],
            [
              16.6979301,
              41.1062137
            ]
          ],
          [
            [
              16.6978818,
              41.1062272
            ],
            [
              16.6979301,
              41.1062137
            ]
          ]
        ]
      }
    },
    {
      "type": "Feature",
      "properties": {
        "official_code": "276",
        "match_status": "manual",
        "match_basis": "nome_completo",
        "match_notes": "Corrispondenza univoca: nome ufficiale completo identico al nome OpenStreetMap. Inventario: \"VIA PASQUALE LOMAGLIO\". OpenStreetMap: \"Via Pasquale Lomaglio\". Way OSM: 1056189570. Lunghezza 94 m, estensione 94 m."
      },
      "geometry": {
        "type": "LineString",
        "coordinates": [
          [
            16.7000244,
            41.1173653
          ],
          [
            16.7009818,
            41.1169181
          ]
        ]
      }
    },
    {
      "type": "Feature",
      "properties": {
        "official_code": "617",
        "match_status": "manual",
        "match_basis": "nome_completo",
        "match_notes": "Corrispondenza univoca: nome ufficiale completo identico al nome OpenStreetMap. Inventario: \"VIA PASQUALE LAROTELLA\". OpenStreetMap: \"Via Pasquale Larotella\". Way OSM: 612040057. Lunghezza 110 m, estensione 110 m."
      },
      "geometry": {
        "type": "LineString",
        "coordinates": [
          [
            16.6896194,
            41.1127251
          ],
          [
            16.6900567,
            41.1124492
          ],
          [
            16.6906241,
            41.1120856
          ]
        ]
      }
    },
    {
      "type": "Feature",
      "properties": {
        "official_code": "602",
        "match_status": "manual",
        "match_basis": "nome_completo",
        "match_notes": "Corrispondenza univoca: nome ufficiale completo identico al nome OpenStreetMap. Inventario: \"VIA IMMACOLATA\". OpenStreetMap: \"Via Immacolata\". Way OSM: 1385626574. Lunghezza 101 m, estensione 101 m."
      },
      "geometry": {
        "type": "LineString",
        "coordinates": [
          [
            16.6915137,
            41.1102803
          ],
          [
            16.6903082,
            41.1102841
          ]
        ]
      }
    },
    {
      "type": "Feature",
      "properties": {
        "official_code": "556",
        "match_status": "manual",
        "match_basis": "nome_completo",
        "match_notes": "Corrispondenza univoca: nome ufficiale completo identico al nome OpenStreetMap. Inventario: \"VIA NICOLA GAROFALO\". OpenStreetMap: \"Via Nicola Garofalo\". Way OSM: 181903561,383510500. Lunghezza 208 m, estensione 190 m."
      },
      "geometry": {
        "type": "MultiLineString",
        "coordinates": [
          [
            [
              16.6992754,
              41.1099651
            ],
            [
              16.6993464,
              41.1098996
            ],
            [
              16.6999404,
              41.1097163
            ]
          ],
          [
            [
              16.7009027,
              41.1087733
            ],
            [
              16.7005574,
              41.1095345
            ],
            [
              16.6999404,
              41.1097163
            ]
          ]
        ]
      }
    },
    {
      "type": "Feature",
      "properties": {
        "official_code": "27",
        "match_status": "manual",
        "match_basis": "nome_completo",
        "match_notes": "Corrispondenza univoca: nome ufficiale completo identico al nome OpenStreetMap. Inventario: \"VICO ANNUNZIATA\". OpenStreetMap: \"Vico Annunziata\". Way OSM: 1385638520. Lunghezza 41 m, estensione 34 m."
      },
      "geometry": {
        "type": "LineString",
        "coordinates": [
          [
            16.6982278,
            41.1096468
          ],
          [
            16.6980915,
            41.1095773
          ],
          [
            16.6982629,
            41.1093703
          ]
        ]
      }
    },
    {
      "type": "Feature",
      "properties": {
        "official_code": "417",
        "match_status": "manual",
        "match_basis": "nome_completo",
        "match_notes": "Corrispondenza univoca: nome ufficiale completo identico al nome OpenStreetMap. Inventario: \"VIA NICOLA PIACENTE\". OpenStreetMap: \"Via Nicola Piacente\". Way OSM: 184557808. Lunghezza 811 m, estensione 557 m."
      },
      "geometry": {
        "type": "LineString",
        "coordinates": [
          [
            16.6893456,
            41.1020182
          ],
          [
            16.6894291,
            41.1017281
          ],
          [
            16.6895529,
            41.1015382
          ],
          [
            16.6899898,
            41.1009978
          ],
          [
            16.6903301,
            41.1005487
          ],
          [
            16.6916374,
            41.0998035
          ],
          [
            16.692095,
            41.0995058
          ],
          [
            16.6928008,
            41.0993495
          ],
          [
            16.6934736,
            41.0991703
          ],
          [
            16.6936714,
            41.100131
          ],
          [
            16.6937323,
            41.1004269
          ],
          [
            16.693767,
            41.1005956
          ],
          [
            16.6939604,
            41.101108
          ],
          [
            16.6940782,
            41.1014203
          ],
          [
            16.6948134,
            41.1014385
          ]
        ]
      }
    },
    {
      "type": "Feature",
      "properties": {
        "official_code": "618",
        "match_status": "manual",
        "match_basis": "nome_completo",
        "match_notes": "Corrispondenza univoca: nome ufficiale completo identico al nome OpenStreetMap. Inventario: \"VIA MICHELE LAROVERE\". OpenStreetMap: \"Via Michele Larovere\". Way OSM: 173576679,382854037,1376749878. Lunghezza 280 m, estensione 279 m."
      },
      "geometry": {
        "type": "MultiLineString",
        "coordinates": [
          [
            [
              16.69789,
              41.1121798
            ],
            [
              16.6980677,
              41.1118029
            ],
            [
              16.698349,
              41.1112063
            ]
          ],
          [
            [
              16.698349,
              41.1112063
            ],
            [
              16.6986961,
              41.1104723
            ]
          ],
          [
            [
              16.6986961,
              41.1104723
            ],
            [
              16.6989541,
              41.1099281
            ],
            [
              16.698969,
              41.1098018
            ]
          ]
        ]
      }
    },
    {
      "type": "Feature",
      "properties": {
        "official_code": "133",
        "match_status": "manual",
        "match_basis": "nome_completo",
        "match_notes": "Corrispondenza univoca: nome ufficiale completo identico al nome OpenStreetMap. Inventario: \"VIA PIETRO COLLETTA\". OpenStreetMap: \"Via Pietro Colletta\". Way OSM: 1385636075. Lunghezza 75 m, estensione 75 m."
      },
      "geometry": {
        "type": "LineString",
        "coordinates": [
          [
            16.6917201,
            41.1084222
          ],
          [
            16.6917555,
            41.1083999
          ],
          [
            16.6920297,
            41.1082272
          ],
          [
            16.6922364,
            41.108097
          ],
          [
            16.6924045,
            41.1079911
          ]
        ]
      }
    },
    {
      "type": "Feature",
      "properties": {
        "official_code": "615",
        "match_status": "manual",
        "match_basis": "nome_completo",
        "match_notes": "Corrispondenza univoca: nome ufficiale completo identico al nome OpenStreetMap. Inventario: \"VIA ALFONSO LAMARMORA\". OpenStreetMap: \"Via Alfonso Lamarmora\". Way OSM: 1385626577. Lunghezza 41 m, estensione 41 m."
      },
      "geometry": {
        "type": "LineString",
        "coordinates": [
          [
            16.6925828,
            41.1100853
          ],
          [
            16.6928683,
            41.1103824
          ]
        ]
      }
    },
    {
      "type": "Feature",
      "properties": {
        "official_code": "270",
        "match_status": "manual",
        "match_basis": "nome_completo",
        "match_notes": "Corrispondenza univoca: nome ufficiale completo identico al nome OpenStreetMap. Inventario: \"VIA UGO LA MALFA\". OpenStreetMap: \"Via Ugo La Malfa\". Way OSM: 383504571,1189710162. Lunghezza 644 m, estensione 600 m."
      },
      "geometry": {
        "type": "MultiLineString",
        "coordinates": [
          [
            [
              16.7001694,
              41.1077744
            ],
            [
              16.7002443,
              41.1078009
            ],
            [
              16.7003233,
              41.107826
            ],
            [
              16.7006853,
              41.1079106
            ],
            [
              16.7007956,
              41.107927
            ],
            [
              16.7009914,
              41.1079491
            ],
            [
              16.70178,
              41.1079999
            ],
            [
              16.7021079,
              41.1080206
            ],
            [
              16.7022033,
              41.1080171
            ],
            [
              16.7022979,
              41.1080027
            ],
            [
              16.702465,
              41.1079746
            ],
            [
              16.7030278,
              41.1078813
            ],
            [
              16.703249,
              41.1078691
            ],
            [
              16.703979,
              41.1080077
            ],
            [
              16.7049594,
              41.1081963
            ],
            [
              16.7052456,
              41.1082522
            ],
            [
              16.7055322,
              41.1083075
            ],
            [
              16.7065175,
              41.1084987
            ]
          ],
          [
            [
              16.7070168,
              41.108528
            ],
            [
              16.7070598,
              41.108533
            ],
            [
              16.7071083,
              41.108549
            ],
            [
              16.7071489,
              41.1085745
            ],
            [
              16.7071784,
              41.1086076
            ],
            [
              16.7071944,
              41.1086456
            ],
            [
              16.7071939,
              41.1086944
            ],
            [
              16.7071713,
              41.1087401
            ],
            [
              16.7071294,
              41.1087772
            ],
            [
              16.7070932,
              41.108795
            ],
            [
              16.7070525,
              41.108806
            ],
            [
              16.7070095,
              41.1088097
            ],
            [
              16.7069666,
              41.1088058
            ],
            [
              16.706926,
              41.1087946
            ],
            [
              16.7068899,
              41.1087767
            ],
            [
              16.7068498,
              41.1087414
            ],
            [
              16.7068272,
              41.1086982
            ],
            [
              16.7068231,
              41.1086669
            ],
            [
              16.7068283,
              41.1086358
            ],
            [
              16.7068425,
              41.1086063
            ],
            [
              16.706865,
              41.1085798
            ],
            [
              16.7068948,
              41.1085579
            ],
            [
              16.706932,
              41.1085408
            ],
            [
              16.7069734,
              41.1085307
            ],
            [
              16.7070168,
              41.108528
            ]
          ]
        ]
      }
    },
    {
      "type": "Feature",
      "properties": {
        "official_code": "621",
        "match_status": "manual",
        "match_basis": "nome_completo",
        "match_notes": "Corrispondenza univoca: nome ufficiale completo identico al nome OpenStreetMap. Inventario: \"VIA GIUSEPPE LAUDISI\". OpenStreetMap: \"Via Giuseppe Laudisi\". Way OSM: 230498189. Lunghezza 90 m, estensione 90 m."
      },
      "geometry": {
        "type": "LineString",
        "coordinates": [
          [
            16.6904616,
            41.1107185
          ],
          [
            16.6909442,
            41.1106322
          ],
          [
            16.6915249,
            41.1106521
          ]
        ]
      }
    },
    {
      "type": "Feature",
      "properties": {
        "official_code": "280",
        "match_status": "manual",
        "match_basis": "nome_completo",
        "match_notes": "Corrispondenza univoca: nome ufficiale completo identico al nome OpenStreetMap. Inventario: \"VIA PALMIRO TOGLIATTI\". OpenStreetMap: \"Via Palmiro Togliatti\". Way OSM: 383503581,383503582. Lunghezza 760 m, estensione 758 m."
      },
      "geometry": {
        "type": "MultiLineString",
        "coordinates": [
          [
            [
              16.69789,
              41.1121798
            ],
            [
              16.6981374,
              41.1122835
            ],
            [
              16.6982485,
              41.1123295
            ],
            [
              16.6983952,
              41.1123902
            ],
            [
              16.6988745,
              41.1125901
            ],
            [
              16.699516,
              41.1128568
            ],
            [
              16.7001965,
              41.1131203
            ],
            [
              16.7003255,
              41.1131692
            ],
            [
              16.7008835,
              41.1133506
            ],
            [
              16.7012666,
              41.1134719
            ]
          ],
          [
            [
              16.7060338,
              41.1151505
            ],
            [
              16.7053011,
              41.11476
            ],
            [
              16.7051332,
              41.1146891
            ],
            [
              16.7042896,
              41.1144203
            ],
            [
              16.7042414,
              41.1144049
            ],
            [
              16.7033866,
              41.1141292
            ],
            [
              16.7029815,
              41.1139998
            ],
            [
              16.7024241,
              41.1138192
            ],
            [
              16.7023968,
              41.113811
            ],
            [
              16.7020798,
              41.1137159
            ],
            [
              16.7012666,
              41.1134719
            ]
          ]
        ]
      }
    },
    {
      "type": "Feature",
      "properties": {
        "official_code": "289",
        "match_status": "manual",
        "match_basis": "nome_completo",
        "match_notes": "Corrispondenza univoca: nome ufficiale completo identico al nome OpenStreetMap. Inventario: \"STRADA VICINALE POZZO CUPO\". OpenStreetMap: \"Strada Vicinale Pozzo Cupo\". Way OSM: 204725404,555475896. Lunghezza 2606 m, estensione 2426 m."
      },
      "geometry": {
        "type": "MultiLineString",
        "coordinates": [
          [
            [
              16.7068754,
              41.1071906
            ],
            [
              16.7070064,
              41.1071344
            ],
            [
              16.7072033,
              41.1070761
            ],
            [
              16.7074447,
              41.1069872
            ],
            [
              16.7077173,
              41.1068552
            ],
            [
              16.7079283,
              41.1066923
            ],
            [
              16.708102,
              41.1066167
            ],
            [
              16.7082812,
              41.1065522
            ],
            [
              16.7087626,
              41.106379
            ],
            [
              16.7090634,
              41.1062355
            ],
            [
              16.709265,
              41.1061289
            ],
            [
              16.709459,
              41.1060596
            ],
            [
              16.7095907,
              41.1060243
            ],
            [
              16.7097511,
              41.106015
            ],
            [
              16.7099473,
              41.1060184
            ],
            [
              16.7101393,
              41.1060394
            ],
            [
              16.7102895,
              41.106073
            ],
            [
              16.7105288,
              41.1061462
            ],
            [
              16.7108228,
              41.1062516
            ],
            [
              16.7109886,
              41.106327
            ],
            [
              16.7111124,
              41.1064357
            ],
            [
              16.7112099,
              41.1064829
            ],
            [
              16.7113191,
              41.1065035
            ],
            [
              16.7122315,
              41.1063417
            ],
            [
              16.7124059,
              41.106314
            ],
            [
              16.712573,
              41.1063164
            ],
            [
              16.7129185,
              41.1063743
            ],
            [
              16.7131821,
              41.1063957
            ],
            [
              16.713653,
              41.1064084
            ],
            [
              16.7140866,
              41.1063559
            ],
            [
              16.714477,
              41.1062917
            ],
            [
              16.7151237,
              41.1062586
            ],
            [
              16.7157639,
              41.1062003
            ],
            [
              16.7163674,
              41.10617
            ],
            [
              16.7167096,
              41.106154
            ],
            [
              16.7169534,
              41.1061144
            ],
            [
              16.7175556,
              41.1060103
            ],
            [
              16.7181135,
              41.1059375
            ],
            [
              16.7181977,
              41.1059159
            ],
            [
              16.7183657,
              41.1058729
            ],
            [
              16.7188163,
              41.1057577
            ],
            [
              16.7194247,
              41.1056109
            ],
            [
              16.719677,
              41.1055656
            ],
            [
              16.7198992,
              41.1055495
            ],
            [
              16.7206827,
              41.1055596
            ],
            [
              16.7214097,
              41.1056119
            ],
            [
              16.721734,
              41.1056542
            ],
            [
              16.7219383,
              41.1056652
            ],
            [
              16.7221016,
              41.1056567
            ],
            [
              16.7222041,
              41.1056211
            ],
            [
              16.7222626,
              41.1056008
            ],
            [
              16.7224583,
              41.1054969
            ],
            [
              16.7226698,
              41.1053695
            ],
            [
              16.7228406,
              41.1053122
            ],
            [
              16.7230184,
              41.1052731
            ],
            [
              16.7231854,
              41.1052427
            ],
            [
              16.7239679,
              41.1051191
            ],
            [
              16.7246606,
              41.1050647
            ],
            [
              16.724842,
              41.1051127
            ],
            [
              16.7251781,
              41.1052734
            ],
            [
              16.7253123,
              41.1053124
            ],
            [
              16.7257085,
              41.1053431
            ],
            [
              16.72582,
              41.1053661
            ]
          ],
          [
            [
              16.72582,
              41.1053661
            ],
            [
              16.7262258,
              41.1054726
            ],
            [
              16.7264603,
              41.1056331
            ],
            [
              16.7266027,
              41.1057128
            ],
            [
              16.7267722,
              41.1057551
            ],
            [
              16.7270926,
              41.1057922
            ],
            [
              16.7274272,
              41.1057981
            ],
            [
              16.7279135,
              41.1058013
            ],
            [
              16.7282561,
              41.1057507
            ],
            [
              16.7293077,
              41.1057226
            ],
            [
              16.7299049,
              41.105678
            ],
            [
              16.7302289,
              41.1056642
            ],
            [
              16.7306996,
              41.1055856
            ],
            [
              16.7307543,
              41.1055277
            ],
            [
              16.7308073,
              41.105429
            ],
            [
              16.7308585,
              41.1053854
            ],
            [
              16.7317844,
              41.1052409
            ],
            [
              16.7318192,
              41.1052348
            ],
            [
              16.732203,
              41.1051669
            ],
            [
              16.7324977,
              41.1051465
            ],
            [
              16.7329235,
              41.1050392
            ],
            [
              16.7330047,
              41.1050156
            ],
            [
              16.7330773,
              41.1050274
            ],
            [
              16.7331527,
              41.1050688
            ],
            [
              16.7342668,
              41.105874
            ],
            [
              16.7343762,
              41.1059696
            ],
            [
              16.7344946,
              41.1059848
            ],
            [
              16.7345626,
              41.1060123
            ],
            [
              16.7346779,
              41.1062043
            ],
            [
              16.7348105,
              41.1063123
            ],
            [
              16.7350225,
              41.106361
            ],
            [
              16.7352134,
              41.1064345
            ],
            [
              16.7354326,
              41.1065305
            ],
            [
              16.7355422,
              41.1065412
            ],
            [
              16.7356066,
              41.1065849
            ],
            [
              16.7356861,
              41.1066389
            ]
          ]
        ]
      }
    },
    {
      "type": "Feature",
      "properties": {
        "official_code": "399",
        "match_status": "manual",
        "match_basis": "nome_completo",
        "match_notes": "Corrispondenza univoca: nome ufficiale completo identico al nome OpenStreetMap. Inventario: \"VIA VINCENZO DE MICHELE\". OpenStreetMap: \"Via Vincenzo De Michele\". Way OSM: 184558331. Lunghezza 204 m, estensione 204 m."
      },
      "geometry": {
        "type": "LineString",
        "coordinates": [
          [
            16.6876807,
            41.1015659
          ],
          [
            16.6879284,
            41.101505
          ],
          [
            16.6899898,
            41.1009978
          ]
        ]
      }
    },
    {
      "type": "Feature",
      "properties": {
        "official_code": "109",
        "match_status": "manual",
        "match_basis": "nome_completo",
        "match_notes": "Corrispondenza univoca: nome ufficiale completo identico al nome OpenStreetMap. Inventario: \"VIA ANTONIO CAVALLO\". OpenStreetMap: \"Via Antonio Cavallo\". Way OSM: 463608188. Lunghezza 49 m, estensione 49 m."
      },
      "geometry": {
        "type": "LineString",
        "coordinates": [
          [
            16.6937578,
            41.1081346
          ],
          [
            16.6931782,
            41.1081943
          ]
        ]
      }
    },
    {
      "type": "Feature",
      "properties": {
        "official_code": "386",
        "match_status": "manual",
        "match_basis": "nome_completo",
        "match_notes": "Corrispondenza univoca: nome ufficiale completo identico al nome OpenStreetMap. Inventario: \"VIA PASQUALE STELLACCI\". OpenStreetMap: \"Via Pasquale Stellacci\". Way OSM: 298399019. Lunghezza 179 m, estensione 179 m."
      },
      "geometry": {
        "type": "LineString",
        "coordinates": [
          [
            16.6980415,
            41.1082743
          ],
          [
            16.6981456,
            41.1078683
          ],
          [
            16.6981932,
            41.1076576
          ],
          [
            16.6982394,
            41.1074654
          ],
          [
            16.6983379,
            41.1070495
          ],
          [
            16.6983858,
            41.1068522
          ],
          [
            16.6984436,
            41.1066933
          ]
        ]
      }
    },
    {
      "type": "Feature",
      "properties": {
        "official_code": "274",
        "match_status": "manual",
        "match_basis": "nome_completo",
        "match_notes": "Corrispondenza univoca: nome ufficiale completo identico al nome OpenStreetMap. Inventario: \"VIA GIORGIO LA PIRA\". OpenStreetMap: \"Via Giorgio La Pira\". Way OSM: 382080997,1056189569,1392146078. Lunghezza 290 m, estensione 204 m."
      },
      "geometry": {
        "type": "MultiLineString",
        "coordinates": [
          [
            [
              16.6980085,
              41.1170719
            ],
            [
              16.6981287,
              41.1170149
            ],
            [
              16.6985737,
              41.1166683
            ],
            [
              16.6986099,
              41.1166392
            ],
            [
              16.6986469,
              41.1166095
            ],
            [
              16.699503,
              41.1159202
            ]
          ],
          [
            [
              16.6994387,
              41.1172874
            ],
            [
              16.6985737,
              41.1166683
            ]
          ],
          [
            [
              16.6978864,
              41.1171004
            ],
            [
              16.6980085,
              41.1170719
            ]
          ]
        ]
      }
    },
    {
      "type": "Feature",
      "properties": {
        "official_code": "298",
        "match_status": "manual",
        "match_basis": "nome_completo",
        "match_notes": "Corrispondenza univoca: nome ufficiale completo identico al nome OpenStreetMap. Inventario: \"VIA VINCENZO PANNONE\". OpenStreetMap: \"Via Vincenzo Pannone\". Way OSM: 34097287. Lunghezza 446 m, estensione 432 m."
      },
      "geometry": {
        "type": "LineString",
        "coordinates": [
          [
            16.682849,
            41.1133378
          ],
          [
            16.6830359,
            41.1132147
          ],
          [
            16.6833062,
            41.1131098
          ],
          [
            16.6835279,
            41.1130929
          ],
          [
            16.6837664,
            41.1131805
          ],
          [
            16.6842408,
            41.1133589
          ],
          [
            16.684439,
            41.1134331
          ],
          [
            16.6845397,
            41.1134713
          ],
          [
            16.6858076,
            41.113953
          ],
          [
            16.686118,
            41.1140638
          ],
          [
            16.6866403,
            41.1142639
          ],
          [
            16.6875983,
            41.1146125
          ]
        ]
      }
    },
    {
      "type": "Feature",
      "properties": {
        "official_code": "360",
        "match_status": "manual",
        "match_basis": "nome_completo",
        "match_notes": "Corrispondenza univoca: nome ufficiale completo identico al nome OpenStreetMap. Inventario: \"VIA GIOVANNI BATTISTA NACCI\". OpenStreetMap: \"Via Giovanni Battista Nacci\". Way OSM: 486069258. Lunghezza 92 m, estensione 92 m."
      },
      "geometry": {
        "type": "LineString",
        "coordinates": [
          [
            16.7026888,
            41.1133065
          ],
          [
            16.7030258,
            41.1126285
          ],
          [
            16.7030751,
            41.1125292
          ]
        ]
      }
    },
    {
      "type": "Feature",
      "properties": {
        "official_code": "629",
        "match_status": "manual",
        "match_basis": "nome_completo",
        "match_notes": "Corrispondenza univoca: nome ufficiale completo identico al nome OpenStreetMap. Inventario: \"VIA BECCHERIE LISI\". OpenStreetMap: \"Via Beccherie Lisi\". Way OSM: 414141031,414141034. Lunghezza 61 m, estensione 51 m."
      },
      "geometry": {
        "type": "MultiLineString",
        "coordinates": [
          [
            [
              16.6903471,
              41.1059123
            ],
            [
              16.6901209,
              41.1061382
            ]
          ],
          [
            [
              16.6901209,
              41.1061382
            ],
            [
              16.6900236,
              41.1062032
            ],
            [
              16.6898778,
              41.1060801
            ]
          ]
        ]
      }
    },
    {
      "type": "Feature",
      "properties": {
        "official_code": "86",
        "match_status": "manual",
        "match_basis": "nome_completo",
        "match_notes": "Corrispondenza univoca: nome ufficiale completo identico al nome OpenStreetMap. Inventario: \"VIALE DUE CAPPELLE\". OpenStreetMap: \"Viale Due Cappelle\". Way OSM: 29973331. Lunghezza 262 m, estensione 262 m."
      },
      "geometry": {
        "type": "LineString",
        "coordinates": [
          [
            16.6796044,
            41.1104043
          ],
          [
            16.6794406,
            41.1098883
          ],
          [
            16.6793987,
            41.109757
          ],
          [
            16.6788654,
            41.1081182
          ]
        ]
      }
    },
    {
      "type": "Feature",
      "properties": {
        "official_code": "614",
        "match_status": "manual",
        "match_basis": "nome_completo",
        "match_notes": "Corrispondenza univoca: nome ufficiale completo identico al nome OpenStreetMap. Inventario: \"PIAZZA LA MAIA\". OpenStreetMap: \"Piazza La Maia\". Way OSM: 647799190. Lunghezza 26 m, estensione 26 m."
      },
      "geometry": {
        "type": "LineString",
        "coordinates": [
          [
            16.6915388,
            41.1045835
          ],
          [
            16.6914171,
            41.1046193
          ],
          [
            16.6913227,
            41.1046165
          ],
          [
            16.6912355,
            41.1046194
          ]
        ]
      }
    },
    {
      "type": "Feature",
      "properties": {
        "official_code": "610",
        "match_status": "manual",
        "match_basis": "nome_completo",
        "match_notes": "Corrispondenza univoca: nome ufficiale completo identico al nome OpenStreetMap. Inventario: \"VIA ENRICO LABINI\". OpenStreetMap: \"Via Enrico Labini\". Way OSM: 1385626575,1385626576. Lunghezza 120 m, estensione 120 m."
      },
      "geometry": {
        "type": "MultiLineString",
        "coordinates": [
          [
            [
              16.6889918,
              41.110561
            ],
            [
              16.688374,
              41.1109495
            ]
          ],
          [
            [
              16.6894645,
              41.1102484
            ],
            [
              16.6889732,
              41.1105434
            ]
          ]
        ]
      }
    },
    {
      "type": "Feature",
      "properties": {
        "official_code": "1213",
        "match_status": "manual",
        "match_basis": "nome_completo",
        "match_notes": "Corrispondenza univoca: nome ufficiale completo identico al nome OpenStreetMap. Inventario: \"VIA EMANUELE SARACINO\". OpenStreetMap: \"Via Emanuele Saracino\". Way OSM: 31096990,282454158. Lunghezza 96 m, estensione 96 m."
      },
      "geometry": {
        "type": "MultiLineString",
        "coordinates": [
          [
            [
              16.6870696,
              41.1124752
            ],
            [
              16.6864719,
              41.1129409
            ]
          ],
          [
            [
              16.6870696,
              41.1124752
            ],
            [
              16.6872587,
              41.1123186
            ]
          ]
        ]
      }
    },
    {
      "type": "Feature",
      "properties": {
        "official_code": "1505",
        "match_status": "manual",
        "match_basis": "nome_completo",
        "match_notes": "Corrispondenza univoca: nome ufficiale completo identico al nome OpenStreetMap. Inventario: \"VIA SEDILE\". OpenStreetMap: \"Via Sedile\". Way OSM: 205087458. Lunghezza 135 m, estensione 134 m."
      },
      "geometry": {
        "type": "LineString",
        "coordinates": [
          [
            16.6909473,
            41.1075704
          ],
          [
            16.6908711,
            41.1076027
          ],
          [
            16.6906259,
            41.1077238
          ],
          [
            16.6903671,
            41.1078552
          ],
          [
            16.6901534,
            41.1079885
          ],
          [
            16.6900034,
            41.1080644
          ],
          [
            16.6899135,
            41.1081026
          ],
          [
            16.6896757,
            41.1081892
          ],
          [
            16.6896354,
            41.108207
          ],
          [
            16.6895983,
            41.1082234
          ]
        ]
      }
    },
    {
      "type": "Feature",
      "properties": {
        "official_code": "1520",
        "match_status": "manual",
        "match_basis": "nome_completo",
        "match_notes": "Corrispondenza univoca: nome ufficiale completo identico al nome OpenStreetMap. Inventario: \"VIA FRANCESCO SPINELLI\". OpenStreetMap: \"Via Francesco Spinelli\". Way OSM: 230498204. Lunghezza 200 m, estensione 200 m."
      },
      "geometry": {
        "type": "LineString",
        "coordinates": [
          [
            16.696333,
            41.1081052
          ],
          [
            16.6963266,
            41.1067143
          ],
          [
            16.6963266,
            41.1063021
          ]
        ]
      }
    },
    {
      "type": "Feature",
      "properties": {
        "official_code": "1135",
        "match_status": "manual",
        "match_basis": "nome_completo",
        "match_notes": "Corrispondenza univoca: nome ufficiale completo identico al nome OpenStreetMap. Inventario: \"VIA FRANCESCO PAOLO RAGNI\". OpenStreetMap: \"Via Francesco Paolo Ragni\". Way OSM: 230498199,1222110009. Lunghezza 168 m, estensione 168 m."
      },
      "geometry": {
        "type": "MultiLineString",
        "coordinates": [
          [
            [
              16.6947223,
              41.1074558
            ],
            [
              16.6946147,
              41.1072254
            ],
            [
              16.6944237,
              41.1068652
            ],
            [
              16.6942056,
              41.1064436
            ]
          ],
          [
            [
              16.6942056,
              41.1064436
            ],
            [
              16.6939819,
              41.1060506
            ]
          ]
        ]
      }
    },
    {
      "type": "Feature",
      "properties": {
        "official_code": "1044",
        "match_status": "manual",
        "match_basis": "nome_completo",
        "match_notes": "Corrispondenza univoca: nome ufficiale completo identico al nome OpenStreetMap. Inventario: \"VIA RODOLFO MORANDI\". OpenStreetMap: \"Via Rodolfo Morandi\". Way OSM: 608278492. Lunghezza 95 m, estensione 95 m."
      },
      "geometry": {
        "type": "LineString",
        "coordinates": [
          [
            16.6931629,
            41.1128717
          ],
          [
            16.6924675,
            41.1121912
          ]
        ]
      }
    },
    {
      "type": "Feature",
      "properties": {
        "official_code": "1108",
        "match_status": "manual",
        "match_basis": "nome_completo",
        "match_notes": "Corrispondenza univoca: nome ufficiale completo identico al nome OpenStreetMap. Inventario: \"VIA ANTONIO PLANELLI\". OpenStreetMap: \"Via Antonio Planelli\". Way OSM: 383449171,383481033. Lunghezza 141 m, estensione 140 m."
      },
      "geometry": {
        "type": "MultiLineString",
        "coordinates": [
          [
            [
              16.689658,
              41.105825
            ],
            [
              16.689571,
              41.1059203
            ]
          ],
          [
            [
              16.689658,
              41.105825
            ],
            [
              16.6898763,
              41.1056872
            ],
            [
              16.689965,
              41.105622
            ],
            [
              16.6900832,
              41.10555
            ],
            [
              16.6903402,
              41.1053936
            ],
            [
              16.6905716,
              41.1052658
            ],
            [
              16.6906731,
              41.1052097
            ],
            [
              16.6908813,
              41.105146
            ]
          ]
        ]
      }
    },
    {
      "type": "Feature",
      "properties": {
        "official_code": "1568",
        "match_status": "manual",
        "match_basis": "nome_completo",
        "match_notes": "Corrispondenza univoca: nome ufficiale completo identico al nome OpenStreetMap. Inventario: \"VIA VECCHIA CAPPUCCINI\". OpenStreetMap: \"Via Vecchia Cappuccini\". Way OSM: 383522406. Lunghezza 412 m, estensione 381 m."
      },
      "geometry": {
        "type": "LineString",
        "coordinates": [
          [
            16.7014881,
            41.1059354
          ],
          [
            16.7010025,
            41.1057477
          ],
          [
            16.7008171,
            41.1056858
          ],
          [
            16.7006727,
            41.1056549
          ],
          [
            16.7006444,
            41.1056474
          ],
          [
            16.7006146,
            41.1056282
          ],
          [
            16.7005934,
            41.1056069
          ],
          [
            16.7005722,
            41.1055791
          ],
          [
            16.7005356,
            41.105548
          ],
          [
            16.6999881,
            41.1052078
          ],
          [
            16.6998812,
            41.1049999
          ],
          [
            16.6995375,
            41.1048463
          ],
          [
            16.699464,
            41.10483
          ],
          [
            16.6993737,
            41.1048408
          ],
          [
            16.699214,
            41.1048727
          ],
          [
            16.699063,
            41.1049271
          ],
          [
            16.6989052,
            41.1049664
          ],
          [
            16.6986518,
            41.1049802
          ],
          [
            16.6977206,
            41.1049152
          ],
          [
            16.6975847,
            41.1048959
          ],
          [
            16.697435,
            41.1048638
          ],
          [
            16.6973026,
            41.1048115
          ],
          [
            16.6972156,
            41.1047526
          ]
        ]
      }
    },
    {
      "type": "Feature",
      "properties": {
        "official_code": "1162",
        "match_status": "manual",
        "match_basis": "nome_completo",
        "match_notes": "Corrispondenza univoca: nome ufficiale completo identico al nome OpenStreetMap. Inventario: \"VIA GAETANO SALVEMINI\". OpenStreetMap: \"Via Gaetano Salvemini\". Way OSM: 30340139. Lunghezza 140 m, estensione 140 m."
      },
      "geometry": {
        "type": "LineString",
        "coordinates": [
          [
            16.6852606,
            41.1100552
          ],
          [
            16.6853441,
            41.1109095
          ],
          [
            16.6853843,
            41.1111603
          ],
          [
            16.6854076,
            41.1112195
          ],
          [
            16.6854615,
            41.1113025
          ]
        ]
      }
    },
    {
      "type": "Feature",
      "properties": {
        "official_code": "1540",
        "match_status": "manual",
        "match_basis": "nome_completo",
        "match_notes": "Corrispondenza univoca: nome ufficiale completo identico al nome OpenStreetMap. Inventario: \"VIA PASQUALE TEMPESTA\". OpenStreetMap: \"Via Pasquale Tempesta\". Way OSM: 173536220,173536229,181903543,181903553,181903566,181903575. Lunghezza 285 m, estensione 228 m."
      },
      "geometry": {
        "type": "MultiLineString",
        "coordinates": [
          [
            [
              16.6994658,
              41.1085228
            ],
            [
              16.6994251,
              41.1085765
            ],
            [
              16.6994143,
              41.1086118
            ],
            [
              16.699416,
              41.1086618
            ],
            [
              16.699457,
              41.1088334
            ],
            [
              16.6994708,
              41.1088693
            ],
            [
              16.6994749,
              41.10888
            ],
            [
              16.6995291,
              41.1089255
            ]
          ],
          [
            [
              16.6994039,
              41.1089608
            ],
            [
              16.6994084,
              41.1089081
            ],
            [
              16.6993527,
              41.1086143
            ],
            [
              16.6993324,
              41.1085076
            ]
          ],
          [
            [
              16.6996502,
              41.1091888
            ],
            [
              16.6995581,
              41.1090995
            ],
            [
              16.699515,
              41.1090679
            ]
          ],
          [
            [
              16.6996502,
              41.1091888
            ],
            [
              16.6999404,
              41.1097163
            ]
          ],
          [
            [
              16.6999404,
              41.1097163
            ],
            [
              16.7002035,
              41.110164
            ],
            [
              16.7002874,
              41.1102643
            ],
            [
              16.7003475,
              41.1103296
            ],
            [
              16.7004164,
              41.1103931
            ]
          ],
          [
            [
              16.6995856,
              41.1090208
            ],
            [
              16.6995972,
              41.1090718
            ],
            [
              16.6996064,
              41.109096
            ],
            [
              16.6996502,
              41.1091888
            ]
          ]
        ]
      }
    },
    {
      "type": "Feature",
      "properties": {
        "official_code": "3206",
        "match_status": "manual",
        "match_basis": "nome_completo",
        "match_notes": "Corrispondenza univoca: nome ufficiale completo identico al nome OpenStreetMap. Inventario: \"VIA PROF. VINCENZO DE RUVO\". OpenStreetMap: \"Via Prof. Vincenzo de Ruvo\". Way OSM: 1053551819. Lunghezza 87 m, estensione 82 m."
      },
      "geometry": {
        "type": "LineString",
        "coordinates": [
          [
            16.7019677,
            41.1143077
          ],
          [
            16.701955,
            41.1143669
          ],
          [
            16.7010105,
            41.1142229
          ]
        ]
      }
    },
    {
      "type": "Feature",
      "properties": {
        "official_code": "1004",
        "match_status": "manual",
        "match_basis": "nome_completo",
        "match_notes": "Corrispondenza univoca: nome ufficiale completo identico al nome OpenStreetMap. Inventario: \"VIA GIACOMO MATTEOTTI\". OpenStreetMap: \"Via Giacomo Matteotti\". Way OSM: 29973103,174957078,1221390050,1221390051,1505629577,1505629578. Lunghezza 799 m, estensione 772 m."
      },
      "geometry": {
        "type": "MultiLineString",
        "coordinates": [
          [
            [
              16.690852,
              41.1083774
            ],
            [
              16.6906521,
              41.1084515
            ],
            [
              16.6905712,
              41.1084816
            ],
            [
              16.6905173,
              41.1085123
            ],
            [
              16.6901603,
              41.1088028
            ],
            [
              16.6898912,
              41.1090175
            ],
            [
              16.6896004,
              41.1092535
            ],
            [
              16.6894229,
              41.1093941
            ],
            [
              16.6893821,
              41.1094282
            ],
            [
              16.6892629,
              41.1095204
            ],
            [
              16.6891701,
              41.1095954
            ],
            [
              16.6890519,
              41.1096877
            ],
            [
              16.688994,
              41.1097355
            ],
            [
              16.6888702,
              41.1098363
            ]
          ],
          [
            [
              16.6888702,
              41.1098363
            ],
            [
              16.6887628,
              41.1099257
            ],
            [
              16.6885112,
              41.1101223
            ],
            [
              16.6880307,
              41.1104957
            ],
            [
              16.6879433,
              41.1105636
            ],
            [
              16.6878768,
              41.1106185
            ],
            [
              16.6875047,
              41.110926
            ],
            [
              16.6874255,
              41.1109842
            ],
            [
              16.6873831,
              41.1110153
            ],
            [
              16.6871903,
              41.1111638
            ],
            [
              16.687143,
              41.1112003
            ],
            [
              16.6863191,
              41.1118745
            ],
            [
              16.6862745,
              41.1119111
            ],
            [
              16.6862382,
              41.1119408
            ],
            [
              16.6857412,
              41.1123485
            ],
            [
              16.6856781,
              41.1123999
            ],
            [
              16.68561,
              41.1124517
            ],
            [
              16.6852373,
              41.1127455
            ],
            [
              16.6848704,
              41.1130525
            ]
          ],
          [
            [
              16.690852,
              41.1083774
            ],
            [
              16.6909308,
              41.1083357
            ],
            [
              16.6909705,
              41.1083189
            ],
            [
              16.6909827,
              41.1083137
            ],
            [
              16.6910358,
              41.1082854
            ],
            [
              16.6911202,
              41.1082277
            ],
            [
              16.6912052,
              41.108165
            ],
            [
              16.6913009,
              41.1080813
            ]
          ],
          [
            [
              16.6911388,
              41.1083175
            ],
            [
              16.6910655,
              41.1083328
            ],
            [
              16.6910296,
              41.1083403
            ]
          ],
          [
            [
              16.6909487,
              41.1083572
            ],
            [
              16.690852,
              41.1083774
            ]
          ],
          [
            [
              16.6910296,
              41.1083403
            ],
            [
              16.6909487,
              41.1083572
            ]
          ]
        ]
      }
    },
    {
      "type": "Feature",
      "properties": {
        "official_code": "1034",
        "match_status": "manual",
        "match_basis": "nome_completo",
        "match_notes": "Corrispondenza univoca: nome ufficiale completo identico al nome OpenStreetMap. Inventario: \"VIA VINCENZO BRANDONISIO\". OpenStreetMap: \"Via Vincenzo Brandonisio\". Way OSM: 383740369. Lunghezza 144 m, estensione 143 m."
      },
      "geometry": {
        "type": "LineString",
        "coordinates": [
          [
            16.6981749,
            41.1013139
          ],
          [
            16.6977526,
            41.1013332
          ],
          [
            16.6974606,
            41.1013617
          ],
          [
            16.6970239,
            41.1014894
          ],
          [
            16.6965232,
            41.1016346
          ]
        ]
      }
    },
    {
      "type": "Feature",
      "properties": {
        "official_code": "1524",
        "match_status": "manual",
        "match_basis": "nome_completo",
        "match_notes": "Corrispondenza univoca: nome ufficiale completo identico al nome OpenStreetMap. Inventario: \"VICO SPOTO\". OpenStreetMap: \"Vico Spoto\". Way OSM: 1348086773. Lunghezza 73 m, estensione 58 m."
      },
      "geometry": {
        "type": "LineString",
        "coordinates": [
          [
            16.690682,
            41.1068404
          ],
          [
            16.6905073,
            41.1068603
          ],
          [
            16.6904134,
            41.1068999
          ],
          [
            16.6903337,
            41.1069221
          ],
          [
            16.6903528,
            41.1069953
          ],
          [
            16.6901676,
            41.1070168
          ],
          [
            16.6901513,
            41.1071774
          ]
        ]
      }
    },
    {
      "type": "Feature",
      "properties": {
        "official_code": "1043",
        "match_status": "manual",
        "match_basis": "nome_completo",
        "match_notes": "Corrispondenza univoca: nome ufficiale completo identico al nome OpenStreetMap. Inventario: \"VIA GENERALE MONTEMAR\". OpenStreetMap: \"Via Generale Montemar\". Way OSM: 31121714. Lunghezza 122 m, estensione 121 m."
      },
      "geometry": {
        "type": "LineString",
        "coordinates": [
          [
            16.692873,
            41.1107837
          ],
          [
            16.692485,
            41.1109166
          ],
          [
            16.6917528,
            41.1111347
          ],
          [
            16.6915128,
            41.1111461
          ]
        ]
      }
    },
    {
      "type": "Feature",
      "properties": {
        "official_code": "1039",
        "match_status": "manual",
        "match_basis": "nome_completo",
        "match_notes": "Corrispondenza univoca: nome ufficiale completo identico al nome OpenStreetMap. Inventario: \"VIA VINCENZO MODUGNO\". OpenStreetMap: \"Via Vincenzo Modugno\". Way OSM: 270360659. Lunghezza 150 m, estensione 150 m."
      },
      "geometry": {
        "type": "LineString",
        "coordinates": [
          [
            16.6830656,
            41.1088291
          ],
          [
            16.6831216,
            41.1092709
          ],
          [
            16.6831571,
            41.1096089
          ],
          [
            16.6831908,
            41.1098646
          ],
          [
            16.6832241,
            41.1101744
          ]
        ]
      }
    },
    {
      "type": "Feature",
      "properties": {
        "official_code": "1146",
        "match_status": "manual",
        "match_basis": "nome_completo",
        "match_notes": "Corrispondenza univoca: nome ufficiale completo identico al nome OpenStreetMap. Inventario: \"VIA DOMENICO RICAPITO\". OpenStreetMap: \"Via Domenico Ricapito\". Way OSM: 29973371,173536222,173536237. Lunghezza 364 m, estensione 324 m."
      },
      "geometry": {
        "type": "MultiLineString",
        "coordinates": [
          [
            [
              16.6988151,
              41.105554
            ],
            [
              16.6988866,
              41.1059147
            ],
            [
              16.6989144,
              41.106067
            ],
            [
              16.6990877,
              41.1070224
            ],
            [
              16.6991019,
              41.1070987
            ],
            [
              16.6991304,
              41.1072653
            ],
            [
              16.6991787,
              41.1075585
            ],
            [
              16.6992607,
              41.1080618
            ]
          ],
          [
            [
              16.6993214,
              41.1084277
            ],
            [
              16.6993204,
              41.1083782
            ],
            [
              16.699298,
              41.1083124
            ],
            [
              16.6992745,
              41.1082338
            ],
            [
              16.69927,
              41.108209
            ],
            [
              16.6992602,
              41.1081553
            ],
            [
              16.6992523,
              41.1081107
            ],
            [
              16.6992607,
              41.1080618
            ]
          ],
          [
            [
              16.6992607,
              41.1080618
            ],
            [
              16.699295,
              41.1081007
            ],
            [
              16.699314,
              41.1081525
            ],
            [
              16.6993259,
              41.1082034
            ],
            [
              16.6993501,
              41.1083073
            ],
            [
              16.6993739,
              41.1083519
            ],
            [
              16.6993911,
              41.1083688
            ],
            [
              16.6994477,
              41.1083922
            ]
          ]
        ]
      }
    },
    {
      "type": "Feature",
      "properties": {
        "official_code": "1155",
        "match_status": "manual",
        "match_basis": "nome_completo",
        "match_notes": "Corrispondenza univoca: nome ufficiale completo identico al nome OpenStreetMap. Inventario: \"VIA GIOACCHINO ROSSINI\". OpenStreetMap: \"Via Gioacchino Rossini\". Way OSM: 30340419. Lunghezza 293 m, estensione 293 m."
      },
      "geometry": {
        "type": "LineString",
        "coordinates": [
          [
            16.6837005,
            41.1076311
          ],
          [
            16.6846435,
            41.1076075
          ],
          [
            16.6849424,
            41.1075993
          ],
          [
            16.6851713,
            41.107593
          ],
          [
            16.686004,
            41.10757
          ],
          [
            16.6865188,
            41.1075538
          ],
          [
            16.6871954,
            41.1075333
          ]
        ]
      }
    },
    {
      "type": "Feature",
      "properties": {
        "official_code": "1001",
        "match_status": "manual",
        "match_basis": "nome_completo",
        "match_notes": "Corrispondenza univoca: nome ufficiale completo identico al nome OpenStreetMap. Inventario: \"VIA DOMENICO MARTUCCI ZECCA\". OpenStreetMap: \"Via Domenico Martucci Zecca\". Way OSM: 104402476. Lunghezza 214 m, estensione 213 m."
      },
      "geometry": {
        "type": "LineString",
        "coordinates": [
          [
            16.6929592,
            41.114512
          ],
          [
            16.6930764,
            41.1148153
          ],
          [
            16.6932321,
            41.1150533
          ],
          [
            16.6935703,
            41.1156358
          ],
          [
            16.693824,
            41.1160719
          ],
          [
            16.693907,
            41.116224
          ],
          [
            16.6938834,
            41.1162906
          ]
        ]
      }
    },
    {
      "type": "Feature",
      "properties": {
        "official_code": "1026",
        "match_status": "manual",
        "match_basis": "nome_completo",
        "match_notes": "Corrispondenza univoca: nome ufficiale completo identico al nome OpenStreetMap. Inventario: \"VIA DOMENICO MINENNA\". OpenStreetMap: \"Via Domenico Minenna\". Way OSM: 1058451602. Lunghezza 49 m, estensione 49 m."
      },
      "geometry": {
        "type": "LineString",
        "coordinates": [
          [
            16.6981374,
            41.1122835
          ],
          [
            16.698479,
            41.1119279
          ]
        ]
      }
    },
    {
      "type": "Feature",
      "properties": {
        "official_code": "1534",
        "match_status": "manual",
        "match_basis": "nome_completo",
        "match_notes": "Corrispondenza univoca: nome ufficiale completo identico al nome OpenStreetMap. Inventario: \"VIA TORQUATO TASSO\". OpenStreetMap: \"Via Torquato Tasso\". Way OSM: 230498202. Lunghezza 254 m, estensione 254 m."
      },
      "geometry": {
        "type": "LineString",
        "coordinates": [
          [
            16.6907822,
            41.1116396
          ],
          [
            16.6904931,
            41.1108149
          ],
          [
            16.6904616,
            41.1107185
          ],
          [
            16.6903082,
            41.1102841
          ],
          [
            16.6902356,
            41.1100785
          ],
          [
            16.6900019,
            41.109432
          ]
        ]
      }
    },
    {
      "type": "Feature",
      "properties": {
        "official_code": "1035",
        "match_status": "manual",
        "match_basis": "nome_completo",
        "match_notes": "Corrispondenza univoca: nome ufficiale completo identico al nome OpenStreetMap. Inventario: \"VIA ERMINIA CARDAMONE\". OpenStreetMap: \"Via Erminia Cardamone\". Way OSM: 383740354. Lunghezza 95 m, estensione 95 m."
      },
      "geometry": {
        "type": "LineString",
        "coordinates": [
          [
            16.6954109,
            41.1018739
          ],
          [
            16.6957701,
            41.1017442
          ],
          [
            16.6964328,
            41.101505
          ]
        ]
      }
    },
    {
      "type": "Feature",
      "properties": {
        "official_code": "1211",
        "match_status": "manual",
        "match_basis": "nome_completo",
        "match_notes": "Corrispondenza univoca: nome ufficiale completo identico al nome OpenStreetMap. Inventario: \"VIA FRANCESCO SAPONIERI\". OpenStreetMap: \"Via Francesco Saponieri\". Way OSM: 383445572,414139033,414139036. Lunghezza 129 m, estensione 128 m."
      },
      "geometry": {
        "type": "MultiLineString",
        "coordinates": [
          [
            [
              16.6895279,
              41.108138
            ],
            [
              16.689413,
              41.1080067
            ],
            [
              16.6892471,
              41.1077524
            ],
            [
              16.6891887,
              41.1076588
            ],
            [
              16.689178,
              41.1076416
            ]
          ],
          [
            [
              16.689178,
              41.1076416
            ],
            [
              16.6891539,
              41.1075955
            ]
          ],
          [
            [
              16.6891539,
              41.1075955
            ],
            [
              16.6891172,
              41.1075221
            ],
            [
              16.6890676,
              41.1074232
            ],
            [
              16.6890195,
              41.1073093
            ],
            [
              16.6889499,
              41.1070739
            ]
          ]
        ]
      }
    },
    {
      "type": "Feature",
      "properties": {
        "official_code": "1512",
        "match_status": "manual",
        "match_basis": "nome_completo",
        "match_notes": "Corrispondenza univoca: nome ufficiale completo identico al nome OpenStreetMap. Inventario: \"VIA TEOBALDO SORGENTE\". OpenStreetMap: \"Via Teobaldo Sorgente\". Way OSM: 1056189558. Lunghezza 49 m, estensione 49 m."
      },
      "geometry": {
        "type": "LineString",
        "coordinates": [
          [
            16.6960359,
            41.1148149
          ],
          [
            16.6959539,
            41.1146939
          ],
          [
            16.6957533,
            41.114425
          ]
        ]
      }
    },
    {
      "type": "Feature",
      "properties": {
        "official_code": "1002",
        "match_status": "manual",
        "match_basis": "nome_completo",
        "match_notes": "Corrispondenza univoca: nome ufficiale completo identico al nome OpenStreetMap. Inventario: \"VICO FILIPPO MASSARENGHI\". OpenStreetMap: \"Vico Filippo Massarenghi\". Way OSM: 647826823. Lunghezza 87 m, estensione 77 m."
      },
      "geometry": {
        "type": "LineString",
        "coordinates": [
          [
            16.6889182,
            41.1065844
          ],
          [
            16.688717,
            41.1064216
          ],
          [
            16.6886553,
            41.1063549
          ],
          [
            16.6886285,
            41.1062549
          ],
          [
            16.6886633,
            41.1062195
          ],
          [
            16.6886437,
            41.1061665
          ],
          [
            16.6886083,
            41.106071
          ],
          [
            16.688658,
            41.1060478
          ],
          [
            16.6886164,
            41.1059639
          ],
          [
            16.6886446,
            41.1059457
          ],
          [
            16.6886338,
            41.1059302
          ]
        ]
      }
    },
    {
      "type": "Feature",
      "properties": {
        "official_code": "3170",
        "match_status": "manual",
        "match_basis": "nome_completo",
        "match_notes": "Corrispondenza univoca: nome ufficiale completo identico al nome OpenStreetMap. Inventario: \"VIALE DELLE NAZIONI\". OpenStreetMap: \"Viale delle Nazioni\". Way OSM: 34097219,53514494,200682469,200682472,200682473,216475533,262606074,384054288,1163812519,1423331863. Lunghezza 1472 m, estensione 1253 m."
      },
      "geometry": {
        "type": "MultiLineString",
        "coordinates": [
          [
            [
              16.6847042,
              41.1158245
            ],
            [
              16.6848412,
              41.1157305
            ],
            [
              16.684916,
              41.1156564
            ],
            [
              16.6849546,
              41.1155856
            ],
            [
              16.6849405,
              41.1154695
            ],
            [
              16.6848951,
              41.1153846
            ],
            [
              16.6848054,
              41.1152771
            ]
          ],
          [
            [
              16.6836463,
              41.1161987
            ],
            [
              16.6837339,
              41.1161748
            ],
            [
              16.6847042,
              41.1158245
            ]
          ],
          [
            [
              16.6728116,
              41.1211886
            ],
            [
              16.6726818,
              41.1209762
            ],
            [
              16.6726082,
              41.1208219
            ],
            [
              16.6725646,
              41.1206559
            ],
            [
              16.6725528,
              41.1205197
            ],
            [
              16.6725731,
              41.1203858
            ],
            [
              16.6726322,
              41.1202469
            ],
            [
              16.6727133,
              41.1201191
            ],
            [
              16.6727886,
              41.1200214
            ],
            [
              16.6729033,
              41.1199181
            ],
            [
              16.6730692,
              41.1198123
            ],
            [
              16.6732605,
              41.119719
            ],
            [
              16.6733693,
              41.1196791
            ],
            [
              16.6738935,
              41.1194968
            ],
            [
              16.6746218,
              41.1192582
            ],
            [
              16.6757712,
              41.1188746
            ],
            [
              16.6769964,
              41.1184639
            ],
            [
              16.677443,
              41.1183146
            ],
            [
              16.6782013,
              41.1180599
            ],
            [
              16.6790479,
              41.117772
            ],
            [
              16.6797155,
              41.1175448
            ]
          ],
          [
            [
              16.6824123,
              41.1166385
            ],
            [
              16.6823297,
              41.1166884
            ],
            [
              16.6819594,
              41.1167857
            ]
          ],
          [
            [
              16.6797155,
              41.1175448
            ],
            [
              16.6811016,
              41.1170588
            ],
            [
              16.6812069,
              41.117024
            ],
            [
              16.6813611,
              41.1169746
            ],
            [
              16.6813999,
              41.1169627
            ],
            [
              16.6819594,
              41.1167857
            ]
          ],
          [
            [
              16.6826788,
              41.1161866
            ],
            [
              16.6829697,
              41.1162254
            ]
          ],
          [
            [
              16.6819594,
              41.1167857
            ],
            [
              16.6821533,
              41.1166477
            ],
            [
              16.6822187,
              41.116587
            ],
            [
              16.6822462,
              41.1165338
            ],
            [
              16.6822692,
              41.1164895
            ]
          ],
          [
            [
              16.6836463,
              41.1161987
            ],
            [
              16.6831301,
              41.1164287
            ],
            [
              16.6829475,
              41.1165098
            ],
            [
              16.6828903,
              41.1165352
            ]
          ],
          [
            [
              16.6829697,
              41.1162254
            ],
            [
              16.6831236,
              41.116257
            ],
            [
              16.6831967,
              41.1162605
            ],
            [
              16.6832784,
              41.1162588
            ],
            [
              16.6836463,
              41.1161987
            ]
          ],
          [
            [
              16.6852896,
              41.1153922
            ],
            [
              16.6850899,
              41.1157009
            ],
            [
              16.6849259,
              41.1157708
            ],
            [
              16.6847042,
              41.1158245
            ]
          ]
        ]
      }
    },
    {
      "type": "Feature",
      "properties": {
        "official_code": "1142",
        "match_status": "manual",
        "match_basis": "nome_completo",
        "match_notes": "Corrispondenza univoca: nome ufficiale completo identico al nome OpenStreetMap. Inventario: \"CORTE CAMILLO REGNA\". OpenStreetMap: \"Corte Camillo Regna\". Way OSM: 1199452182. Lunghezza 15 m, estensione 15 m."
      },
      "geometry": {
        "type": "LineString",
        "coordinates": [
          [
            16.6906729,
            41.1074814
          ],
          [
            16.690845,
            41.1074534
          ]
        ]
      }
    },
    {
      "type": "Feature",
      "properties": {
        "official_code": "1013",
        "match_status": "manual",
        "match_basis": "nome_completo",
        "match_notes": "Corrispondenza univoca: nome ufficiale completo identico al nome OpenStreetMap. Inventario: \"CORTE MELICO\". OpenStreetMap: \"Corte Melico\". Way OSM: 1385632295. Lunghezza 8 m, estensione 8 m."
      },
      "geometry": {
        "type": "LineString",
        "coordinates": [
          [
            16.6898424,
            41.1079341
          ],
          [
            16.6898019,
            41.1078738
          ]
        ]
      }
    },
    {
      "type": "Feature",
      "properties": {
        "official_code": "1514",
        "match_status": "manual",
        "match_basis": "nome_completo",
        "match_notes": "Corrispondenza univoca: nome ufficiale completo identico al nome OpenStreetMap. Inventario: \"VIA SILVIO SPAVENTA\". OpenStreetMap: \"Via Silvio Spaventa\". Way OSM: 230498197. Lunghezza 82 m, estensione 82 m."
      },
      "geometry": {
        "type": "LineString",
        "coordinates": [
          [
            16.6918951,
            41.1098589
          ],
          [
            16.6926075,
            41.1094459
          ],
          [
            16.6926695,
            41.10941
          ]
        ]
      }
    },
    {
      "type": "Feature",
      "properties": {
        "official_code": "1160",
        "match_status": "manual",
        "match_basis": "nome_completo",
        "match_notes": "Corrispondenza univoca: nome ufficiale completo identico al nome OpenStreetMap. Inventario: \"VIA FRANCESCO RUTIGLIANO\". OpenStreetMap: \"Via Francesco Rutigliano\". Way OSM: 315904786,1056189561. Lunghezza 254 m, estensione 236 m."
      },
      "geometry": {
        "type": "MultiLineString",
        "coordinates": [
          [
            [
              16.6995308,
              41.1145704
            ],
            [
              16.6986477,
              41.1153228
            ]
          ],
          [
            [
              16.6986477,
              41.1153228
            ],
            [
              16.6985613,
              41.1154015
            ],
            [
              16.6985677,
              41.1155453
            ],
            [
              16.6985797,
              41.1158132
            ],
            [
              16.698448,
              41.1158954
            ],
            [
              16.6985292,
              41.1165337
            ]
          ]
        ]
      }
    },
    {
      "type": "Feature",
      "properties": {
        "official_code": "1112",
        "match_status": "manual",
        "match_basis": "nome_completo",
        "match_notes": "Corrispondenza univoca: nome ufficiale completo identico al nome OpenStreetMap. Inventario: \"VIA PLINIO IL VECCHIO\". OpenStreetMap: \"Via Plinio il Vecchio\". Way OSM: 1077372473. Lunghezza 170 m, estensione 170 m."
      },
      "geometry": {
        "type": "LineString",
        "coordinates": [
          [
            16.6823149,
            41.1070157
          ],
          [
            16.6835983,
            41.1067929
          ],
          [
            16.6843059,
            41.1067154
          ]
        ]
      }
    },
    {
      "type": "Feature",
      "properties": {
        "official_code": "3089",
        "match_status": "manual",
        "match_basis": "nome_completo",
        "match_notes": "Corrispondenza univoca: nome ufficiale completo identico al nome OpenStreetMap. Inventario: \"VIA DEI COLLI\". OpenStreetMap: \"Via dei Colli\". Way OSM: 26434668. Lunghezza 34 m, estensione 34 m."
      },
      "geometry": {
        "type": "LineString",
        "coordinates": [
          [
            16.5631333,
            41.0500348
          ],
          [
            16.5629628,
            41.050311
          ]
        ]
      }
    },
    {
      "type": "Feature",
      "properties": {
        "official_code": "1139",
        "match_status": "manual",
        "match_basis": "nome_completo",
        "match_notes": "Corrispondenza univoca: nome ufficiale completo identico al nome OpenStreetMap. Inventario: \"VIA PIETRO RAVANAS\". OpenStreetMap: \"Via Pietro Ravanas\". Way OSM: 30340198. Lunghezza 162 m, estensione 162 m."
      },
      "geometry": {
        "type": "LineString",
        "coordinates": [
          [
            16.6872208,
            41.1084655
          ],
          [
            16.6872481,
            41.1091549
          ],
          [
            16.6872532,
            41.1093379
          ],
          [
            16.6872655,
            41.1099232
          ]
        ]
      }
    },
    {
      "type": "Feature",
      "properties": {
        "official_code": "1221",
        "match_status": "manual",
        "match_basis": "nome_completo",
        "match_notes": "Corrispondenza univoca: nome ufficiale completo identico al nome OpenStreetMap. Inventario: \"VIA NAZARIO SAURO\". OpenStreetMap: \"Via Nazario Sauro\". Way OSM: 382854040. Lunghezza 98 m, estensione 98 m."
      },
      "geometry": {
        "type": "LineString",
        "coordinates": [
          [
            16.696366,
            41.1115526
          ],
          [
            16.6969152,
            41.1107763
          ]
        ]
      }
    },
    {
      "type": "Feature",
      "properties": {
        "official_code": "1078",
        "match_status": "manual",
        "match_basis": "nome_completo",
        "match_notes": "Corrispondenza univoca: nome ufficiale completo identico al nome OpenStreetMap. Inventario: \"VIA PATIERNO\". OpenStreetMap: \"Via Patierno\". Way OSM: 33204952,203471972,1077369723,1385573314,1392146076. Lunghezza 2431 m, estensione 2627 m."
      },
      "geometry": {
        "type": "MultiLineString",
        "coordinates": [
          [
            [
              16.7095267,
              41.1336609
            ],
            [
              16.7089308,
              41.1330884
            ],
            [
              16.7086603,
              41.1327104
            ],
            [
              16.7084114,
              41.1322514
            ],
            [
              16.7076219,
              41.1307855
            ]
          ],
          [
            [
              16.7076219,
              41.1307855
            ],
            [
              16.7074258,
              41.1302498
            ],
            [
              16.7070181,
              41.1293124
            ],
            [
              16.7065246,
              41.1289245
            ],
            [
              16.7061169,
              41.1285528
            ],
            [
              16.7058808,
              41.1280517
            ],
            [
              16.7049152,
              41.1266536
            ],
            [
              16.7038209,
              41.1243827
            ],
            [
              16.7032845,
              41.1234694
            ],
            [
              16.703027,
              41.1230249
            ],
            [
              16.7025978,
              41.1225885
            ]
          ],
          [
            [
              16.6905263,
              41.1156606
            ],
            [
              16.6904198,
              41.1156099
            ],
            [
              16.6903107,
              41.1155652
            ],
            [
              16.6902434,
              41.1155397
            ],
            [
              16.6897246,
              41.1153458
            ]
          ],
          [
            [
              16.6978905,
              41.1175404
            ],
            [
              16.6978358,
              41.1174937
            ],
            [
              16.6977628,
              41.1174349
            ],
            [
              16.697684,
              41.1173915
            ],
            [
              16.6975713,
              41.1173582
            ],
            [
              16.6963513,
              41.1170913
            ],
            [
              16.6937834,
              41.1165168
            ],
            [
              16.6932446,
              41.1163866
            ],
            [
              16.6917744,
              41.1160495
            ],
            [
              16.6915862,
              41.1159778
            ],
            [
              16.6912228,
              41.1158792
            ],
            [
              16.6910302,
              41.1158221
            ],
            [
              16.6908367,
              41.1157665
            ],
            [
              16.6905263,
              41.1156606
            ]
          ],
          [
            [
              16.7002466,
              41.1198898
            ],
            [
              16.6998979,
              41.1195213
            ],
            [
              16.6990251,
              41.1187413
            ],
            [
              16.6987387,
              41.1184212
            ],
            [
              16.6983089,
              41.1179563
            ],
            [
              16.6981112,
              41.1177502
            ],
            [
              16.6978905,
              41.1175404
            ]
          ]
        ]
      }
    },
    {
      "type": "Feature",
      "properties": {
        "official_code": "1610",
        "match_status": "manual",
        "match_basis": "nome_completo",
        "match_notes": "Corrispondenza univoca: nome ufficiale completo identico al nome OpenStreetMap. Inventario: \"VIA DEI FIORDALISI\". OpenStreetMap: \"Via dei Fiordalisi\". Way OSM: 184744309,1219491192,1219491193,1315534882. Lunghezza 1883 m, estensione 1305 m."
      },
      "geometry": {
        "type": "MultiLineString",
        "coordinates": [
          [
            [
              16.7517301,
              41.1057247
            ],
            [
              16.7515871,
              41.1058285
            ],
            [
              16.7512995,
              41.1060375
            ],
            [
              16.7506732,
              41.1065109
            ],
            [
              16.7499049,
              41.1070826
            ],
            [
              16.749199,
              41.1076116
            ],
            [
              16.7486635,
              41.1080393
            ],
            [
              16.7484213,
              41.1082703
            ],
            [
              16.7482359,
              41.108517
            ],
            [
              16.7480845,
              41.1087836
            ],
            [
              16.7479783,
              41.1090335
            ],
            [
              16.7479463,
              41.1091087
            ],
            [
              16.7478631,
              41.1094067
            ],
            [
              16.7478366,
              41.1097032
            ],
            [
              16.7478347,
              41.1099428
            ],
            [
              16.7478877,
              41.1102678
            ],
            [
              16.747988,
              41.1106043
            ],
            [
              16.7481488,
              41.1109052
            ],
            [
              16.7484118,
              41.1112587
            ],
            [
              16.7486143,
              41.1114769
            ],
            [
              16.7488357,
              41.1116636
            ],
            [
              16.7490817,
              41.1118376
            ],
            [
              16.7493807,
              41.1120072
            ],
            [
              16.7497213,
              41.1121684
            ],
            [
              16.7500132,
              41.1122675
            ],
            [
              16.7500865,
              41.1122924
            ],
            [
              16.750337,
              41.1123615
            ]
          ],
          [
            [
              16.7535196,
              41.1044964
            ],
            [
              16.7531956,
              41.1046501
            ],
            [
              16.7530074,
              41.1047857
            ],
            [
              16.7527623,
              41.1049624
            ],
            [
              16.7524728,
              41.1051691
            ],
            [
              16.7518294,
              41.1056525
            ],
            [
              16.7518134,
              41.1056641
            ]
          ],
          [
            [
              16.7518134,
              41.1056641
            ],
            [
              16.7517301,
              41.1057247
            ]
          ],
          [
            [
              16.750337,
              41.1123615
            ],
            [
              16.7504328,
              41.1123879
            ],
            [
              16.7506505,
              41.112435
            ],
            [
              16.7508832,
              41.1124663
            ],
            [
              16.7511973,
              41.112482
            ],
            [
              16.7515607,
              41.1125005
            ],
            [
              16.7520583,
              41.112512
            ],
            [
              16.7528455,
              41.1125419
            ],
            [
              16.7534303,
              41.1125576
            ],
            [
              16.7542761,
              41.1125832
            ],
            [
              16.7552772,
              41.1126089
            ],
            [
              16.7554716,
              41.1126139
            ],
            [
              16.7559906,
              41.1126274
            ],
            [
              16.756933,
              41.1126431
            ],
            [
              16.7581138,
              41.1126773
            ],
            [
              16.7589755,
              41.1126967
            ]
          ]
        ]
      }
    },
    {
      "type": "Feature",
      "properties": {
        "official_code": "1019",
        "match_status": "manual",
        "match_basis": "nome_completo",
        "match_notes": "Corrispondenza univoca: nome ufficiale completo identico al nome OpenStreetMap. Inventario: \"VICO FRATELLI MICCIONE\". OpenStreetMap: \"Vico Fratelli Miccione\". Way OSM: 1385636076. Lunghezza 33 m, estensione 33 m."
      },
      "geometry": {
        "type": "LineString",
        "coordinates": [
          [
            16.6922364,
            41.108097
          ],
          [
            16.6924468,
            41.1083455
          ]
        ]
      }
    },
    {
      "type": "Feature",
      "properties": {
        "official_code": "1082",
        "match_status": "manual",
        "match_basis": "nome_completo",
        "match_notes": "Corrispondenza univoca: nome ufficiale completo identico al nome OpenStreetMap. Inventario: \"VIA SILVIO PELLICO\". OpenStreetMap: \"Via Silvio Pellico\". Way OSM: 384738425. Lunghezza 211 m, estensione 211 m."
      },
      "geometry": {
        "type": "LineString",
        "coordinates": [
          [
            16.6944394,
            41.1144442
          ],
          [
            16.6949683,
            41.1141839
          ],
          [
            16.6953653,
            41.1139853
          ],
          [
            16.6957837,
            41.113779
          ],
          [
            16.6965223,
            41.113373
          ]
        ]
      }
    },
    {
      "type": "Feature",
      "properties": {
        "official_code": "1132",
        "match_status": "manual",
        "match_basis": "nome_completo",
        "match_notes": "Corrispondenza univoca: nome ufficiale completo identico al nome OpenStreetMap. Inventario: \"VIALE EUROPA\". OpenStreetMap: \"Viale Europa\". Way OSM: 216475532,294654478,584120800. Lunghezza 881 m, estensione 848 m."
      },
      "geometry": {
        "type": "MultiLineString",
        "coordinates": [
          [
            [
              16.6811563,
              41.11437
            ],
            [
              16.6809403,
              41.1143576
            ],
            [
              16.6807478,
              41.1143678
            ]
          ],
          [
            [
              16.6807478,
              41.1143678
            ],
            [
              16.6810372,
              41.1141151
            ]
          ],
          [
            [
              16.6721111,
              41.1175388
            ],
            [
              16.6736618,
              41.1168336
            ],
            [
              16.6743619,
              41.1165331
            ],
            [
              16.675851,
              41.1158676
            ],
            [
              16.6776666,
              41.1151384
            ],
            [
              16.6780185,
              41.1149983
            ],
            [
              16.6781412,
              41.1149566
            ],
            [
              16.6795123,
              41.1146418
            ],
            [
              16.6806663,
              41.1143934
            ],
            [
              16.6807478,
              41.1143678
            ]
          ]
        ]
      }
    },
    {
      "type": "Feature",
      "properties": {
        "official_code": "1547",
        "match_status": "manual",
        "match_basis": "nome_completo",
        "match_notes": "Corrispondenza univoca: nome ufficiale completo identico al nome OpenStreetMap. Inventario: \"VIA TRAIANA\". OpenStreetMap: \"Via Traiana | Via Traiàna\". Way OSM: 173576670,173578082,1385636063. Lunghezza 2030 m, estensione 2015 m."
      },
      "geometry": {
        "type": "MultiLineString",
        "coordinates": [
          [
            [
              16.6857139,
              41.1068625
            ],
            [
              16.6856155,
              41.1068955
            ],
            [
              16.6847337,
              41.1070593
            ],
            [
              16.6844622,
              41.1071098
            ],
            [
              16.6837347,
              41.1072418
            ],
            [
              16.6824635,
              41.107457
            ],
            [
              16.6819019,
              41.1075633
            ],
            [
              16.6814748,
              41.1076488
            ],
            [
              16.6807189,
              41.1077873
            ],
            [
              16.6788654,
              41.1081182
            ]
          ],
          [
            [
              16.6788654,
              41.1081182
            ],
            [
              16.6770675,
              41.1084415
            ],
            [
              16.6758421,
              41.1086749
            ],
            [
              16.6753429,
              41.1087604
            ],
            [
              16.6746168,
              41.1088853
            ],
            [
              16.6743585,
              41.1089387
            ],
            [
              16.6736988,
              41.1090852
            ],
            [
              16.6734811,
              41.1091403
            ],
            [
              16.6729348,
              41.1092931
            ],
            [
              16.6710326,
              41.1097983
            ],
            [
              16.6708786,
              41.1098496
            ],
            [
              16.6704655,
              41.110059
            ],
            [
              16.6704138,
              41.1100677
            ],
            [
              16.6703548,
              41.1100535
            ],
            [
              16.6702843,
              41.1100059
            ]
          ],
          [
            [
              16.6702843,
              41.1100059
            ],
            [
              16.6702095,
              41.1099525
            ],
            [
              16.6701562,
              41.1099305
            ],
            [
              16.6700952,
              41.1099308
            ],
            [
              16.670036,
              41.1099409
            ],
            [
              16.6698317,
              41.1100143
            ],
            [
              16.6696783,
              41.1100736
            ],
            [
              16.6688631,
              41.1102282
            ],
            [
              16.6676627,
              41.1104398
            ],
            [
              16.6662255,
              41.1107023
            ],
            [
              16.6652535,
              41.1108591
            ],
            [
              16.6642755,
              41.1110389
            ],
            [
              16.6633749,
              41.1112045
            ],
            [
              16.6628213,
              41.1113052
            ],
            [
              16.6624114,
              41.1113602
            ]
          ]
        ]
      }
    },
    {
      "type": "Feature",
      "properties": {
        "official_code": "1038",
        "match_status": "manual",
        "match_basis": "nome_completo",
        "match_notes": "Corrispondenza univoca: nome ufficiale completo identico al nome OpenStreetMap. Inventario: \"VIA GIUSEPPE MODUGNO\". OpenStreetMap: \"Via Giuseppe Modugno\". Way OSM: 30015826,32338939. Lunghezza 368 m, estensione 362 m."
      },
      "geometry": {
        "type": "MultiLineString",
        "coordinates": [
          [
            [
              16.6987109,
              41.1129239
            ],
            [
              16.6988745,
              41.1125901
            ],
            [
              16.6991085,
              41.1121186
            ],
            [
              16.6993952,
              41.1115072
            ]
          ],
          [
            [
              16.6987109,
              41.1129239
            ],
            [
              16.6985568,
              41.1131971
            ],
            [
              16.6981788,
              41.1139259
            ],
            [
              16.6981163,
              41.1140229
            ],
            [
              16.698009,
              41.1142068
            ],
            [
              16.6978857,
              41.1142856
            ],
            [
              16.697722,
              41.1143785
            ],
            [
              16.6975868,
              41.114468
            ]
          ]
        ]
      }
    },
    {
      "type": "Feature",
      "properties": {
        "official_code": "1072",
        "match_status": "manual",
        "match_basis": "nome_completo",
        "match_notes": "Corrispondenza univoca: nome ufficiale completo identico al nome OpenStreetMap. Inventario: \"VIA VITO PANTALEO\". OpenStreetMap: \"Via Vito Pantaleo\". Way OSM: 384699755. Lunghezza 96 m, estensione 96 m."
      },
      "geometry": {
        "type": "LineString",
        "coordinates": [
          [
            16.6860702,
            41.1035362
          ],
          [
            16.686548,
            41.103896
          ],
          [
            16.6868829,
            41.1041415
          ]
        ]
      }
    },
    {
      "type": "Feature",
      "properties": {
        "official_code": "1519",
        "match_status": "manual",
        "match_basis": "nome_completo",
        "match_notes": "Corrispondenza univoca: nome ufficiale completo identico al nome OpenStreetMap. Inventario: \"VIA MICHELE SPERANZA\". OpenStreetMap: \"Via Michele Speranza\". Way OSM: 382045546. Lunghezza 36 m, estensione 36 m."
      },
      "geometry": {
        "type": "LineString",
        "coordinates": [
          [
            16.6893028,
            41.1069566
          ],
          [
            16.6893047,
            41.1068721
          ],
          [
            16.6892848,
            41.1067031
          ],
          [
            16.6892665,
            41.1066354
          ]
        ]
      }
    },
    {
      "type": "Feature",
      "properties": {
        "official_code": "1210",
        "match_status": "manual",
        "match_basis": "nome_completo",
        "match_notes": "Corrispondenza univoca: nome ufficiale completo identico al nome OpenStreetMap. Inventario: \"VIA MICHELE SANTORO\". OpenStreetMap: \"Via Michele Santoro\". Way OSM: 30340156,270360658. Lunghezza 396 m, estensione 404 m."
      },
      "geometry": {
        "type": "MultiLineString",
        "coordinates": [
          [
            [
              16.6836928,
              41.1091713
            ],
            [
              16.6837914,
              41.1091728
            ],
            [
              16.6838744,
              41.1091704
            ],
            [
              16.6839648,
              41.1091615
            ],
            [
              16.6842992,
              41.1090821
            ],
            [
              16.684704,
              41.1089837
            ],
            [
              16.6851302,
              41.1088834
            ],
            [
              16.6858878,
              41.1087114
            ],
            [
              16.6860477,
              41.1086763
            ],
            [
              16.6866018,
              41.1085387
            ],
            [
              16.6872185,
              41.1083869
            ]
          ],
          [
            [
              16.6825604,
              41.1093121
            ],
            [
              16.6827025,
              41.1092991
            ],
            [
              16.6831216,
              41.1092709
            ],
            [
              16.6832077,
              41.109265
            ],
            [
              16.6835244,
              41.1092431
            ],
            [
              16.6835774,
              41.1092062
            ]
          ]
        ]
      }
    },
    {
      "type": "Feature",
      "properties": {
        "official_code": "1113",
        "match_status": "manual",
        "match_basis": "nome_completo",
        "match_notes": "Corrispondenza univoca: nome ufficiale completo identico al nome OpenStreetMap. Inventario: \"VIA CARLO POERIO\". OpenStreetMap: \"Via Carlo Poerio\". Way OSM: 230498193. Lunghezza 97 m, estensione 97 m."
      },
      "geometry": {
        "type": "LineString",
        "coordinates": [
          [
            16.6925953,
            41.1093324
          ],
          [
            16.6926363,
            41.1093092
          ],
          [
            16.6935189,
            41.108811
          ]
        ]
      }
    },
    {
      "type": "Feature",
      "properties": {
        "official_code": "120",
        "match_status": "manual",
        "match_basis": "nome_completo",
        "match_notes": "Corrispondenza univoca: nome ufficiale completo identico al nome OpenStreetMap. Inventario: \"VIA CHIANCARIELLO\". OpenStreetMap: \"Via Chiancariello\". Way OSM: 384699754,1218496400,1218496401. Lunghezza 588 m, estensione 454 m."
      },
      "geometry": {
        "type": "MultiLineString",
        "coordinates": [
          [
            [
              16.6851995,
              41.1064196
            ],
            [
              16.6852243,
              41.1063626
            ],
            [
              16.6852025,
              41.10629
            ],
            [
              16.6851183,
              41.1061212
            ],
            [
              16.6850622,
              41.1060184
            ],
            [
              16.6849828,
              41.1058854
            ],
            [
              16.6849153,
              41.1057921
            ],
            [
              16.6847611,
              41.1056403
            ],
            [
              16.684658,
              41.1055382
            ],
            [
              16.6845712,
              41.1054522
            ],
            [
              16.6844446,
              41.105315
            ],
            [
              16.6842997,
              41.1051432
            ],
            [
              16.6841125,
              41.1049651
            ],
            [
              16.6839623,
              41.1048499
            ],
            [
              16.6838526,
              41.1047843
            ],
            [
              16.6837799,
              41.1047408
            ],
            [
              16.683672,
              41.1046798
            ],
            [
              16.6836083,
              41.1046438
            ],
            [
              16.6835451,
              41.1045881
            ],
            [
              16.6835278,
              41.1045468
            ],
            [
              16.6835343,
              41.1045002
            ],
            [
              16.6835761,
              41.1044376
            ],
            [
              16.6837129,
              41.1042901
            ],
            [
              16.683895,
              41.104109
            ]
          ],
          [
            [
              16.6839605,
              41.104044
            ],
            [
              16.6840321,
              41.1039728
            ],
            [
              16.684179,
              41.1038881
            ],
            [
              16.6843038,
              41.1038466
            ],
            [
              16.6843861,
              41.1038192
            ],
            [
              16.6846972,
              41.1037545
            ],
            [
              16.6850037,
              41.1037214
            ],
            [
              16.6853893,
              41.1036979
            ],
            [
              16.6854941,
              41.10367
            ],
            [
              16.6860051,
              41.1034852
            ],
            [
              16.6863997,
              41.1033293
            ],
            [
              16.686823,
              41.1031766
            ]
          ],
          [
            [
              16.683895,
              41.104109
            ],
            [
              16.6839605,
              41.104044
            ]
          ]
        ]
      }
    },
    {
      "type": "Feature",
      "properties": {
        "official_code": "657",
        "match_status": "manual",
        "match_basis": "nome_completo",
        "match_notes": "Corrispondenza univoca: nome ufficiale completo identico al nome OpenStreetMap. Inventario: \"VIA MARSALA\". OpenStreetMap: \"Via Marsala\". Way OSM: 383444538,1222110010. Lunghezza 120 m, estensione 120 m."
      },
      "geometry": {
        "type": "MultiLineString",
        "coordinates": [
          [
            [
              16.6942056,
              41.1064436
            ],
            [
              16.6933808,
              41.1066905
            ],
            [
              16.6930853,
              41.1067796
            ]
          ],
          [
            [
              16.6944197,
              41.1063817
            ],
            [
              16.6942056,
              41.1064436
            ]
          ]
        ]
      }
    },
    {
      "type": "Feature",
      "properties": {
        "official_code": "68",
        "match_status": "manual",
        "match_basis": "nome_completo",
        "match_notes": "Corrispondenza univoca: nome ufficiale completo identico al nome OpenStreetMap. Inventario: \"VIA BURRONE\". OpenStreetMap: \"Via Burrone\". Way OSM: 175148968,181903555. Lunghezza 1075 m, estensione 849 m."
      },
      "geometry": {
        "type": "MultiLineString",
        "coordinates": [
          [
            [
              16.6960386,
              41.1059777
            ],
            [
              16.6969305,
              41.1053009
            ],
            [
              16.6971059,
              41.1050711
            ],
            [
              16.6972156,
              41.1047526
            ],
            [
              16.697328,
              41.1045386
            ],
            [
              16.6975505,
              41.1043344
            ],
            [
              16.6978188,
              41.1041161
            ],
            [
              16.6980387,
              41.1039766
            ],
            [
              16.6983312,
              41.1038231
            ],
            [
              16.6986215,
              41.103659
            ],
            [
              16.6987496,
              41.1035745
            ]
          ],
          [
            [
              16.6987496,
              41.1035745
            ],
            [
              16.6989535,
              41.103518
            ],
            [
              16.6992511,
              41.1035158
            ],
            [
              16.6995516,
              41.1035321
            ],
            [
              16.699844,
              41.1035099
            ],
            [
              16.7002274,
              41.1035724
            ],
            [
              16.7004099,
              41.1035867
            ],
            [
              16.7005869,
              41.1035786
            ],
            [
              16.7006535,
              41.103599
            ],
            [
              16.7007586,
              41.1036311
            ],
            [
              16.7010079,
              41.1037563
            ],
            [
              16.7011259,
              41.1037867
            ],
            [
              16.7013219,
              41.1037726
            ],
            [
              16.7014853,
              41.1037402
            ],
            [
              16.701802,
              41.103615
            ],
            [
              16.7019064,
              41.1036088
            ],
            [
              16.7025476,
              41.1037726
            ],
            [
              16.702966,
              41.1037585
            ],
            [
              16.7037117,
              41.1037443
            ],
            [
              16.7038943,
              41.1037663
            ],
            [
              16.7041901,
              41.103775
            ],
            [
              16.7043714,
              41.1037685
            ],
            [
              16.7044358,
              41.1024022
            ],
            [
              16.7043755,
              41.1017023
            ]
          ]
        ]
      }
    },
    {
      "type": "Feature",
      "properties": {
        "official_code": "1",
        "match_status": "manual",
        "match_basis": "nome_completo",
        "match_notes": "Corrispondenza univoca: nome ufficiale completo identico al nome OpenStreetMap. Inventario: \"VIA RAFFAELE ABBATICCHIO\". OpenStreetMap: \"Via Raffaele Abbaticchio\". Way OSM: 184558330. Lunghezza 429 m, estensione 369 m."
      },
      "geometry": {
        "type": "LineString",
        "coordinates": [
          [
            16.6862744,
            41.1004601
          ],
          [
            16.6864022,
            41.1005148
          ],
          [
            16.6864489,
            41.1005224
          ],
          [
            16.6864945,
            41.1005164
          ],
          [
            16.6868805,
            41.100244
          ],
          [
            16.6869234,
            41.1002205
          ],
          [
            16.6869601,
            41.100216
          ],
          [
            16.6869669,
            41.1002151
          ],
          [
            16.6869993,
            41.1002173
          ],
          [
            16.6870491,
            41.1002516
          ],
          [
            16.6871758,
            41.1004679
          ],
          [
            16.687226,
            41.1005447
          ],
          [
            16.6873635,
            41.1007549
          ],
          [
            16.6874501,
            41.1010882
          ],
          [
            16.6874541,
            41.1011036
          ],
          [
            16.6875646,
            41.1013336
          ],
          [
            16.6876807,
            41.1015659
          ],
          [
            16.6881382,
            41.1025915
          ],
          [
            16.6881155,
            41.1028536
          ],
          [
            16.6880541,
            41.1030318
          ],
          [
            16.6879771,
            41.10322
          ]
        ]
      }
    },
    {
      "type": "Feature",
      "properties": {
        "official_code": "535",
        "match_status": "manual",
        "match_basis": "nome_completo",
        "match_notes": "Corrispondenza univoca: nome ufficiale completo identico al nome OpenStreetMap. Inventario: \"VIA DELLE FORNACI\". OpenStreetMap: \"Via delle Fornaci\". Way OSM: 363198900,1313828320. Lunghezza 1514 m, estensione 1428 m."
      },
      "geometry": {
        "type": "MultiLineString",
        "coordinates": [
          [
            [
              16.7042513,
              41.118948
            ],
            [
              16.7044399,
              41.1190551
            ],
            [
              16.7046186,
              41.119169
            ],
            [
              16.7048053,
              41.1192688
            ],
            [
              16.7053599,
              41.119528
            ],
            [
              16.7059313,
              41.1198444
            ],
            [
              16.7059996,
              41.119884
            ],
            [
              16.7069476,
              41.1204645
            ],
            [
              16.7071507,
              41.1205964
            ],
            [
              16.7072441,
              41.1206562
            ],
            [
              16.7073282,
              41.1207319
            ],
            [
              16.7074823,
              41.1209289
            ],
            [
              16.7075454,
              41.1209905
            ],
            [
              16.7077298,
              41.1211065
            ],
            [
              16.7079003,
              41.121198
            ],
            [
              16.7080077,
              41.121249
            ],
            [
              16.7081921,
              41.1213088
            ],
            [
              16.7086054,
              41.1214425
            ],
            [
              16.7087876,
              41.1215182
            ],
            [
              16.7088903,
              41.1215692
            ],
            [
              16.7089393,
              41.1216026
            ],
            [
              16.7092896,
              41.1218981
            ],
            [
              16.709794,
              41.1223308
            ],
            [
              16.7099387,
              41.1224275
            ],
            [
              16.7101325,
              41.1225647
            ],
            [
              16.7102072,
              41.1226404
            ],
            [
              16.710247,
              41.1226929
            ],
            [
              16.7102796,
              41.1227494
            ],
            [
              16.7103357,
              41.1228814
            ],
            [
              16.7103777,
              41.1230291
            ],
            [
              16.7104174,
              41.1231188
            ],
            [
              16.7104634,
              41.1231829
            ],
            [
              16.7105248,
              41.1232472
            ],
            [
              16.7106602,
              41.1233545
            ],
            [
              16.710805,
              41.123453
            ],
            [
              16.7110805,
              41.1236377
            ],
            [
              16.711711,
              41.1240563
            ],
            [
              16.7119959,
              41.1242568
            ],
            [
              16.712118,
              41.1243422
            ],
            [
              16.7124857,
              41.1245995
            ],
            [
              16.7132731,
              41.1251504
            ],
            [
              16.7134836,
              41.1252929
            ],
            [
              16.7144266,
              41.1259313
            ],
            [
              16.7145473,
              41.1260333
            ],
            [
              16.7146383,
              41.1260983
            ],
            [
              16.7147714,
              41.1261599
            ],
            [
              16.7148905,
              41.1262109
            ],
            [
              16.7149862,
              41.1262514
            ],
            [
              16.7150399,
              41.1262654
            ],
            [
              16.7151077,
              41.1262725
            ],
            [
              16.7151544,
              41.1262566
            ],
            [
              16.7152898,
              41.1261845
            ],
            [
              16.7154509,
              41.126086
            ],
            [
              16.7156564,
              41.1259946
            ],
            [
              16.7160183,
              41.1258486
            ],
            [
              16.7162215,
              41.12578
            ],
            [
              16.7164153,
              41.1257096
            ],
            [
              16.7165787,
              41.1256252
            ],
            [
              16.7167258,
              41.1255249
            ],
            [
              16.7168659,
              41.1254352
            ],
            [
              16.7170037,
              41.125386
            ],
            [
              16.7171502,
              41.1253849
            ]
          ],
          [
            [
              16.70351,
              41.118565
            ],
            [
              16.7042513,
              41.118948
            ]
          ]
        ]
      }
    },
    {
      "type": "Feature",
      "properties": {
        "official_code": "1583",
        "match_status": "manual",
        "match_basis": "nome_completo",
        "match_notes": "Corrispondenza univoca: nome ufficiale completo identico al nome OpenStreetMap. Inventario: \"VIA LEONARDO DA VINCI\". OpenStreetMap: \"Via Leonardo da Vinci\". Way OSM: 384722042. Lunghezza 134 m, estensione 119 m."
      },
      "geometry": {
        "type": "LineString",
        "coordinates": [
          [
            16.695756,
            41.109325
          ],
          [
            16.6954307,
            41.1090812
          ],
          [
            16.6960603,
            41.1083645
          ]
        ]
      }
    },
    {
      "type": "Feature",
      "properties": {
        "official_code": "1511",
        "match_status": "manual",
        "match_basis": "nome_completo",
        "match_notes": "Corrispondenza univoca: nome ufficiale completo identico al nome OpenStreetMap. Inventario: \"VIA SOLFERINO\". OpenStreetMap: \"Via Solferino\". Way OSM: 175148961,1222719144. Lunghezza 398 m, estensione 364 m."
      },
      "geometry": {
        "type": "MultiLineString",
        "coordinates": [
          [
            [
              16.6888146,
              41.1039698
            ],
            [
              16.6887873,
              41.1040084
            ],
            [
              16.6887549,
              41.104066
            ],
            [
              16.6887472,
              41.1040797
            ],
            [
              16.6880092,
              41.1049415
            ],
            [
              16.6879387,
              41.1050211
            ],
            [
              16.6878785,
              41.1050764
            ],
            [
              16.6878336,
              41.1051138
            ],
            [
              16.6877674,
              41.1051453
            ],
            [
              16.6876982,
              41.105171
            ],
            [
              16.6871097,
              41.1053605
            ],
            [
              16.6870424,
              41.1053918
            ],
            [
              16.6869931,
              41.1054229
            ],
            [
              16.6869613,
              41.1054647
            ],
            [
              16.6869325,
              41.1055386
            ],
            [
              16.6868153,
              41.1058393
            ],
            [
              16.686812,
              41.1058975
            ],
            [
              16.6868358,
              41.1059967
            ],
            [
              16.686853,
              41.1060458
            ]
          ],
          [
            [
              16.686853,
              41.1060458
            ],
            [
              16.6871449,
              41.1068738
            ]
          ]
        ]
      }
    },
    {
      "type": "Feature",
      "properties": {
        "official_code": "161",
        "match_status": "manual",
        "match_basis": "nome_completo",
        "match_notes": "Corrispondenza univoca: nome ufficiale completo identico al nome OpenStreetMap. Inventario: \"VIA MASSIMO D'AZEGLIO\". OpenStreetMap: \"Via Massimo D'Azeglio\". Way OSM: 30340338,384722046. Lunghezza 262 m, estensione 252 m."
      },
      "geometry": {
        "type": "MultiLineString",
        "coordinates": [
          [
            [
              16.6929822,
              41.1135223
            ],
            [
              16.6929597,
              41.1134318
            ],
            [
              16.6929704,
              41.1134116
            ],
            [
              16.6929972,
              41.113393
            ],
            [
              16.6930272,
              41.1133815
            ],
            [
              16.6941537,
              41.113131
            ]
          ],
          [
            [
              16.6941537,
              41.113131
            ],
            [
              16.6942527,
              41.1130784
            ],
            [
              16.6955382,
              41.1123537
            ]
          ]
        ]
      }
    },
    {
      "type": "Feature",
      "properties": {
        "official_code": "31",
        "match_status": "manual",
        "match_basis": "nome_completo",
        "match_notes": "Corrispondenza univoca: nome ufficiale completo identico al nome OpenStreetMap. Inventario: \"VIA IMPERATORE ANTONINO\". OpenStreetMap: \"Via Imperatore Antonino\". Way OSM: 34097437. Lunghezza 143 m, estensione 143 m."
      },
      "geometry": {
        "type": "LineString",
        "coordinates": [
          [
            16.6837347,
            41.1072418
          ],
          [
            16.6835983,
            41.1067929
          ],
          [
            16.6833533,
            41.1059902
          ]
        ]
      }
    },
    {
      "type": "Feature",
      "properties": {
        "official_code": "1096",
        "match_status": "manual",
        "match_basis": "nome_completo",
        "match_notes": "Corrispondenza univoca: nome ufficiale completo identico al nome OpenStreetMap. Inventario: \"VIA DONATO PIEPOLI\". OpenStreetMap: \"Via Donato Piepoli\". Way OSM: 29973173,383503583. Lunghezza 620 m, estensione 620 m."
      },
      "geometry": {
        "type": "MultiLineString",
        "coordinates": [
          [
            [
              16.7025931,
              41.1164889
            ],
            [
              16.7021722,
              41.1160942
            ],
            [
              16.7012461,
              41.115245
            ],
            [
              16.700975,
              41.1149992
            ],
            [
              16.7003115,
              41.1144
            ]
          ],
          [
            [
              16.7003115,
              41.1144
            ],
            [
              16.6997488,
              41.1138726
            ],
            [
              16.6992189,
              41.1133844
            ],
            [
              16.6987109,
              41.1129239
            ],
            [
              16.6983049,
              41.1125558
            ],
            [
              16.69789,
              41.1121798
            ]
          ]
        ]
      }
    },
    {
      "type": "Feature",
      "properties": {
        "official_code": "97",
        "match_status": "manual",
        "match_basis": "nome_completo",
        "match_notes": "Corrispondenza univoca: nome ufficiale completo identico al nome OpenStreetMap. Inventario: \"VIA CARRARA\". OpenStreetMap: \"Via Carrara\". Way OSM: 282456550,1385573317. Lunghezza 363 m, estensione 362 m."
      },
      "geometry": {
        "type": "MultiLineString",
        "coordinates": [
          [
            [
              16.687143,
              41.1112003
            ],
            [
              16.6872003,
              41.1112622
            ],
            [
              16.687469,
              41.1115522
            ],
            [
              16.6877985,
              41.1119084
            ],
            [
              16.6880566,
              41.1121913
            ],
            [
              16.6884274,
              41.1125334
            ],
            [
              16.6889713,
              41.1129742
            ]
          ],
          [
            [
              16.6889505,
              41.1129877
            ],
            [
              16.6894366,
              41.1133642
            ],
            [
              16.6896374,
              41.1135166
            ],
            [
              16.6899031,
              41.1136999
            ]
          ]
        ]
      }
    },
    {
      "type": "Feature",
      "properties": {
        "official_code": "1602",
        "match_status": "manual",
        "match_basis": "nome_completo",
        "match_notes": "Corrispondenza univoca: nome ufficiale completo identico al nome OpenStreetMap. Inventario: \"VIA SPAGNA\". OpenStreetMap: \"Via Spagna\". Way OSM: 30015654. Lunghezza 588 m, estensione 587 m."
      },
      "geometry": {
        "type": "LineString",
        "coordinates": [
          [
            16.6726528,
            41.1184277
          ],
          [
            16.6737992,
            41.1179274
          ],
          [
            16.6744744,
            41.1176299
          ],
          [
            16.6752549,
            41.1172705
          ],
          [
            16.6764043,
            41.1167722
          ],
          [
            16.6782155,
            41.1161232
          ],
          [
            16.6788341,
            41.115932
          ]
        ]
      }
    },
    {
      "type": "Feature",
      "properties": {
        "official_code": "570",
        "match_status": "manual",
        "match_basis": "nome_completo",
        "match_notes": "Corrispondenza univoca: nome ufficiale completo identico al nome OpenStreetMap. Inventario: \"VIA PIETRO GIANNONE\". OpenStreetMap: \"Via Pietro Giannone\". Way OSM: 608278487. Lunghezza 133 m, estensione 133 m."
      },
      "geometry": {
        "type": "LineString",
        "coordinates": [
          [
            16.6952699,
            41.1120811
          ],
          [
            16.6946641,
            41.1123951
          ],
          [
            16.6939583,
            41.1127611
          ]
        ]
      }
    },
    {
      "type": "Feature",
      "properties": {
        "official_code": "515",
        "match_status": "manual",
        "match_basis": "nome_completo",
        "match_notes": "Corrispondenza univoca: nome ufficiale completo identico al nome OpenStreetMap. Inventario: \"VIA GIOVANNA DA DURAZZO\". OpenStreetMap: \"Via Giovanna da Durazzo\". Way OSM: 29973129,35140369,383498421,384738424,1033568344,1033568345. Lunghezza 507 m, estensione 482 m."
      },
      "geometry": {
        "type": "MultiLineString",
        "coordinates": [
          [
            [
              16.6948921,
              41.1149608
            ],
            [
              16.6954641,
              41.1154521
            ],
            [
              16.6956573,
              41.115618
            ],
            [
              16.6959446,
              41.1158619
            ],
            [
              16.6960669,
              41.1159699
            ],
            [
              16.6964548,
              41.116303
            ],
            [
              16.6970353,
              41.1168016
            ],
            [
              16.6971154,
              41.1168704
            ]
          ],
          [
            [
              16.694743,
              41.1147465
            ],
            [
              16.6946215,
              41.1146991
            ],
            [
              16.6945955,
              41.1146757
            ],
            [
              16.6944394,
              41.1144442
            ]
          ],
          [
            [
              16.6971154,
              41.1168704
            ],
            [
              16.6973089,
              41.1170054
            ],
            [
              16.6974488,
              41.1170794
            ],
            [
              16.6976069,
              41.1171097
            ],
            [
              16.6977878,
              41.1171094
            ],
            [
              16.6978864,
              41.1171004
            ]
          ],
          [
            [
              16.6944394,
              41.1144442
            ],
            [
              16.6940389,
              41.1138851
            ]
          ],
          [
            [
              16.6948921,
              41.1149608
            ],
            [
              16.6947868,
              41.1148207
            ]
          ],
          [
            [
              16.6949121,
              41.1147955
            ],
            [
              16.6948921,
              41.1149608
            ]
          ]
        ]
      }
    },
    {
      "type": "Feature",
      "properties": {
        "official_code": "145",
        "match_status": "manual",
        "match_basis": "nome_completo",
        "match_notes": "Corrispondenza univoca: nome ufficiale completo identico al nome OpenStreetMap. Inventario: \"VIA TORRE D'AGERA\". OpenStreetMap: \"Via Torre D'Agera\". Way OSM: 174534495. Lunghezza 1600 m, estensione 1566 m."
      },
      "geometry": {
        "type": "LineString",
        "coordinates": [
          [
            16.6821458,
            41.1192671
          ],
          [
            16.6821595,
            41.1193573
          ],
          [
            16.682293,
            41.1202353
          ],
          [
            16.6823007,
            41.1202863
          ],
          [
            16.6822513,
            41.1205657
          ],
          [
            16.6822565,
            41.1218757
          ],
          [
            16.6813658,
            41.1240313
          ],
          [
            16.6812521,
            41.1247926
          ],
          [
            16.6811953,
            41.125159
          ],
          [
            16.6809047,
            41.1261249
          ],
          [
            16.6807847,
            41.1266674
          ],
          [
            16.6808542,
            41.1269148
          ],
          [
            16.6808289,
            41.1271146
          ],
          [
            16.6806647,
            41.1278855
          ],
          [
            16.6805004,
            41.1295555
          ],
          [
            16.6802035,
            41.1302502
          ],
          [
            16.6800835,
            41.1306737
          ],
          [
            16.6800204,
            41.1312113
          ],
          [
            16.6801025,
            41.1318393
          ],
          [
            16.6800456,
            41.1320344
          ],
          [
            16.6799003,
            41.1322104
          ],
          [
            16.6788672,
            41.1331096
          ]
        ]
      }
    },
    {
      "type": "Feature",
      "properties": {
        "official_code": "43",
        "match_status": "manual",
        "match_basis": "nome_completo",
        "match_notes": "Corrispondenza univoca: nome ufficiale completo identico al nome OpenStreetMap. Inventario: \"VIA BALICE\". OpenStreetMap: \"Via Balice\". Way OSM: 29973536. Lunghezza 1600 m, estensione 1588 m."
      },
      "geometry": {
        "type": "LineString",
        "coordinates": [
          [
            16.706424,
            41.1101023
          ],
          [
            16.7064445,
            41.1101119
          ],
          [
            16.7065226,
            41.1101472
          ],
          [
            16.7067443,
            41.1102317
          ],
          [
            16.7070538,
            41.1103351
          ],
          [
            16.707694,
            41.1105318
          ],
          [
            16.7089975,
            41.1109147
          ],
          [
            16.7107171,
            41.1114198
          ],
          [
            16.7116389,
            41.1117927
          ],
          [
            16.7117976,
            41.1118438
          ],
          [
            16.7119587,
            41.1118831
          ],
          [
            16.7125468,
            41.1120248
          ],
          [
            16.7133922,
            41.1122285
          ],
          [
            16.7138543,
            41.1123398
          ],
          [
            16.7141556,
            41.1124092
          ],
          [
            16.7161843,
            41.1128762
          ],
          [
            16.7173087,
            41.1130271
          ],
          [
            16.7190551,
            41.1130095
          ],
          [
            16.719845,
            41.113208
          ],
          [
            16.7208999,
            41.1133407
          ],
          [
            16.722218,
            41.113634
          ],
          [
            16.724632,
            41.1140789
          ]
        ]
      }
    },
    {
      "type": "Feature",
      "properties": {
        "official_code": "362",
        "match_status": "manual",
        "match_basis": "nome_completo",
        "match_notes": "Corrispondenza univoca: nome ufficiale completo identico al nome OpenStreetMap. Inventario: \"VIA PAOLO SCOPPIO\". OpenStreetMap: \"Via Paolo Scoppio\". Way OSM: 216475521,282105880,301144431. Lunghezza 256 m, estensione 230 m."
      },
      "geometry": {
        "type": "MultiLineString",
        "coordinates": [
          [
            [
              16.6812182,
              41.1140166
            ],
            [
              16.6815649,
              41.1138365
            ]
          ],
          [
            [
              16.6831344,
              41.1126707
            ],
            [
              16.6829997,
              41.1127443
            ],
            [
              16.6829481,
              41.1127704
            ],
            [
              16.6829254,
              41.1127904
            ],
            [
              16.6825482,
              41.113105
            ],
            [
              16.6824899,
              41.1131484
            ],
            [
              16.6815649,
              41.1138365
            ]
          ],
          [
            [
              16.6815649,
              41.1138365
            ],
            [
              16.6814953,
              41.114153
            ]
          ]
        ]
      }
    },
    {
      "type": "Feature",
      "properties": {
        "official_code": "659",
        "match_status": "manual",
        "match_basis": "nome_completo",
        "match_notes": "Corrispondenza univoca: nome ufficiale completo identico al nome OpenStreetMap. Inventario: \"VIA DELLE MARTERI\". OpenStreetMap: \"Via delle Marteri\". Way OSM: 414246950,414246951,414246952,414246953,414246954. Lunghezza 137 m, estensione 135 m."
      },
      "geometry": {
        "type": "MultiLineString",
        "coordinates": [
          [
            [
              16.6875529,
              41.1073484
            ],
            [
              16.6875555,
              41.1074054
            ]
          ],
          [
            [
              16.6874915,
              41.1068993
            ],
            [
              16.6875135,
              41.1070245
            ]
          ],
          [
            [
              16.6874895,
              41.1068767
            ],
            [
              16.6874915,
              41.1068993
            ]
          ],
          [
            [
              16.6875135,
              41.1070245
            ],
            [
              16.6875529,
              41.1073484
            ]
          ],
          [
            [
              16.6875555,
              41.1074054
            ],
            [
              16.6875549,
              41.1075855
            ],
            [
              16.6875488,
              41.1076371
            ],
            [
              16.6874992,
              41.1078268
            ],
            [
              16.6874851,
              41.1078862
            ],
            [
              16.6874818,
              41.1079367
            ],
            [
              16.6874851,
              41.1079746
            ],
            [
              16.6874992,
              41.1080049
            ],
            [
              16.6875444,
              41.1080925
            ]
          ]
        ]
      }
    },
    {
      "type": "Feature",
      "properties": {
        "official_code": "70",
        "match_status": "manual",
        "match_basis": "nome_completo",
        "match_notes": "Corrispondenza univoca: nome ufficiale completo identico al nome OpenStreetMap. Inventario: \"PIAZZA CADUTI DEL TERRORISMO\". OpenStreetMap: \"Piazza Caduti del Terrorismo\". Way OSM: 29973329,173576675,173576681,294654481,1385636066,1392146090. Lunghezza 346 m, estensione 141 m."
      },
      "geometry": {
        "type": "MultiLineString",
        "coordinates": [
          [
            [
              16.686047,
              41.1066175
            ],
            [
              16.6859446,
              41.1068829
            ],
            [
              16.6859278,
              41.1068962
            ],
            [
              16.6859082,
              41.1069012
            ],
            [
              16.6857139,
              41.1068625
            ]
          ],
          [
            [
              16.6871449,
              41.1068738
            ],
            [
              16.6862018,
              41.1066528
            ],
            [
              16.6861241,
              41.1066347
            ],
            [
              16.686047,
              41.1066175
            ]
          ],
          [
            [
              16.6857829,
              41.1065587
            ],
            [
              16.686047,
              41.1066175
            ]
          ],
          [
            [
              16.6871449,
              41.1068738
            ],
            [
              16.6871726,
              41.1071524
            ]
          ],
          [
            [
              16.6859278,
              41.1068962
            ],
            [
              16.6859628,
              41.1069119
            ],
            [
              16.6859782,
              41.1069188
            ],
            [
              16.6864777,
              41.1070165
            ],
            [
              16.6871726,
              41.1071524
            ]
          ],
          [
            [
              16.6857139,
              41.1068625
            ],
            [
              16.6856933,
              41.1068526
            ],
            [
              16.6856849,
              41.1068371
            ],
            [
              16.6857829,
              41.1065587
            ]
          ]
        ]
      }
    },
    {
      "type": "Feature",
      "properties": {
        "official_code": "16043",
        "match_status": "manual",
        "match_basis": "nome_completo",
        "match_notes": "Corrispondenza univoca: nome ufficiale completo identico al nome OpenStreetMap. Inventario: \"PIAZZA SAN LEONE\". OpenStreetMap: \"Piazza San Leone\". Way OSM: 1090209379. Lunghezza 64 m, estensione 64 m."
      },
      "geometry": {
        "type": "LineString",
        "coordinates": [
          [
            16.696366,
            41.1141783
          ],
          [
            16.6965888,
            41.1140696
          ],
          [
            16.696926,
            41.1139069
          ],
          [
            16.6969898,
            41.1138517
          ]
        ]
      }
    },
    {
      "type": "Feature",
      "properties": {
        "official_code": "106",
        "match_status": "manual",
        "match_basis": "nome_completo",
        "match_notes": "Corrispondenza univoca: nome ufficiale completo identico al nome OpenStreetMap. Inventario: \"PIAZZA CATTEDRALE\". OpenStreetMap: \"Piazza Cattedrale\". Way OSM: 382045550. Lunghezza 76 m, estensione 75 m."
      },
      "geometry": {
        "type": "LineString",
        "coordinates": [
          [
            16.689571,
            41.1059203
          ],
          [
            16.689544,
            41.1059582
          ],
          [
            16.689483,
            41.1060999
          ],
          [
            16.6892817,
            41.1062975
          ],
          [
            16.6892027,
            41.1063709
          ],
          [
            16.6891264,
            41.106436
          ],
          [
            16.6890728,
            41.1064757
          ]
        ]
      }
    },
    {
      "type": "Feature",
      "properties": {
        "official_code": "603",
        "match_status": "manual",
        "match_basis": "nome_completo",
        "match_notes": "Corrispondenza univoca: nome ufficiale completo identico al nome OpenStreetMap. Inventario: \"PIAZZA ACCADEMIA DEGLI INFIAMMATI\". OpenStreetMap: \"Piazza Accademia degli Infiammati\". Way OSM: 1385632281. Lunghezza 63 m, estensione 30 m."
      },
      "geometry": {
        "type": "LineString",
        "coordinates": [
          [
            16.6881577,
            41.1079316
          ],
          [
            16.6879739,
            41.1078164
          ],
          [
            16.6881027,
            41.1077384
          ],
          [
            16.6881218,
            41.1077268
          ],
          [
            16.6882117,
            41.1079061
          ],
          [
            16.6881577,
            41.1079316
          ]
        ]
      }
    },
    {
      "type": "Feature",
      "properties": {
        "official_code": "1046",
        "match_status": "manual",
        "match_basis": "nome_completo",
        "match_notes": "Corrispondenza univoca: nome ufficiale completo identico al nome OpenStreetMap. Inventario: \"PIAZZA ALDO MORO\". OpenStreetMap: \"Piazza Aldo Moro\". Way OSM: 29973120,173446624,173446627,173455679,380851485. Lunghezza 462 m, estensione 133 m."
      },
      "geometry": {
        "type": "MultiLineString",
        "coordinates": [
          [
            [
              16.6911388,
              41.1083175
            ],
            [
              16.6911615,
              41.1082612
            ],
            [
              16.6912021,
              41.1082066
            ],
            [
              16.6913009,
              41.1080813
            ],
            [
              16.6913498,
              41.1080326
            ]
          ],
          [
            [
              16.6914382,
              41.1089061
            ],
            [
              16.6920246,
              41.1088558
            ],
            [
              16.6921209,
              41.1088482
            ]
          ],
          [
            [
              16.6914542,
              41.1081408
            ],
            [
              16.6913783,
              41.108188
            ],
            [
              16.6912851,
              41.1082513
            ],
            [
              16.6912065,
              41.1082931
            ],
            [
              16.6911388,
              41.1083175
            ]
          ],
          [
            [
              16.6914542,
              41.1081408
            ],
            [
              16.6917201,
              41.1084222
            ],
            [
              16.692004,
              41.1087228
            ],
            [
              16.6921209,
              41.1088482
            ]
          ],
          [
            [
              16.6919997,
              41.1088108
            ],
            [
              16.6920011,
              41.1087969
            ],
            [
              16.6919989,
              41.1087846
            ],
            [
              16.6914373,
              41.1081977
            ],
            [
              16.6914015,
              41.1082199
            ],
            [
              16.6911875,
              41.1083287
            ],
            [
              16.6910445,
              41.1083635
            ],
            [
              16.6913171,
              41.1085955
            ],
            [
              16.69143,
              41.1088724
            ],
            [
              16.6914415,
              41.1088861
            ],
            [
              16.6914625,
              41.1088908
            ],
            [
              16.6919767,
              41.1088301
            ],
            [
              16.6919901,
              41.1088229
            ],
            [
              16.6919997,
              41.1088108
            ]
          ]
        ]
      }
    },
    {
      "type": "Feature",
      "properties": {
        "official_code": "1027",
        "match_status": "manual",
        "match_basis": "nome_completo",
        "match_notes": "Corrispondenza univoca: nome ufficiale completo identico al nome OpenStreetMap. Inventario: \"PIAZZA MINERVA\". OpenStreetMap: \"Piazza Minerva\". Way OSM: 383481023. Lunghezza 33 m, estensione 32 m."
      },
      "geometry": {
        "type": "LineString",
        "coordinates": [
          [
            16.6914115,
            41.1053829
          ],
          [
            16.691435,
            41.105248
          ],
          [
            16.6914819,
            41.1051823
          ],
          [
            16.6915131,
            41.1051013
          ]
        ]
      }
    },
    {
      "type": "Feature",
      "properties": {
        "official_code": "1529",
        "match_status": "manual",
        "match_basis": "nome_completo",
        "match_notes": "Corrispondenza univoca: nome ufficiale completo identico al nome OpenStreetMap. Inventario: \"PIAZZA CARMINE SYLOS\". OpenStreetMap: \"Piazza Carmine Sylos\". Way OSM: 184558335,380851477,1124748219. Lunghezza 184 m, estensione 83 m."
      },
      "geometry": {
        "type": "MultiLineString",
        "coordinates": [
          [
            [
              16.6882626,
              41.1036314
            ],
            [
              16.6874428,
              41.1036013
            ]
          ],
          [
            [
              16.6874428,
              41.1036013
            ],
            [
              16.6876236,
              41.1034714
            ],
            [
              16.6878948,
              41.1033333
            ],
            [
              16.6879771,
              41.10322
            ],
            [
              16.6881426,
              41.1034765
            ],
            [
              16.6881503,
              41.1035508
            ]
          ],
          [
            [
              16.6881503,
              41.1035508
            ],
            [
              16.6882626,
              41.1036314
            ]
          ]
        ]
      }
    },
    {
      "type": "Feature",
      "properties": {
        "official_code": "171",
        "match_status": "manual",
        "match_basis": "nome_completo",
        "match_notes": "Corrispondenza univoca: nome ufficiale completo identico al nome OpenStreetMap. Inventario: \"PIAZZA LUIGI DELLA NOCE\". OpenStreetMap: \"Piazza Luigi della Noce\". Way OSM: 1125024991. Lunghezza 39 m, estensione 39 m."
      },
      "geometry": {
        "type": "LineString",
        "coordinates": [
          [
            16.6885112,
            41.1101223
          ],
          [
            16.6884692,
            41.1100847
          ],
          [
            16.688215,
            41.1098567
          ]
        ]
      }
    },
    {
      "type": "Feature",
      "properties": {
        "official_code": "662",
        "match_status": "manual",
        "match_basis": "nome_completo",
        "match_notes": "Corrispondenza univoca: nome ufficiale completo identico al nome OpenStreetMap. Inventario: \"VIA PASQUALE MARTUCCI ZECCA\". OpenStreetMap: \"Via Pasquale Martucci Zecca\". Way OSM: 31121590. Lunghezza 154 m, estensione 150 m."
      },
      "geometry": {
        "type": "LineString",
        "coordinates": [
          [
            16.6932552,
            41.1114021
          ],
          [
            16.6926548,
            41.1116442
          ],
          [
            16.6915722,
            41.1116412
          ],
          [
            16.6914956,
            41.1116414
          ]
        ]
      }
    },
    {
      "type": "Feature",
      "properties": {
        "official_code": "528",
        "match_status": "manual",
        "match_basis": "nome_completo",
        "match_notes": "Corrispondenza univoca: nome ufficiale completo identico al nome OpenStreetMap. Inventario: \"VIA ENRICO FERMI\". OpenStreetMap: \"Via Enrico Fermi\". Way OSM: 230498191. Lunghezza 171 m, estensione 171 m."
      },
      "geometry": {
        "type": "LineString",
        "coordinates": [
          [
            16.6860908,
            41.1126807
          ],
          [
            16.6866867,
            41.1122003
          ],
          [
            16.687469,
            41.1115522
          ]
        ]
      }
    },
    {
      "type": "Feature",
      "properties": {
        "official_code": "260",
        "match_status": "manual",
        "match_basis": "nome_completo",
        "match_notes": "Corrispondenza univoca: nome ufficiale completo identico al nome OpenStreetMap. Inventario: \"VIA VITO VALENTINO\". OpenStreetMap: \"Via Vito Valentino\". Way OSM: 383510501. Lunghezza 101 m, estensione 93 m."
      },
      "geometry": {
        "type": "LineString",
        "coordinates": [
          [
            16.7009914,
            41.1079491
          ],
          [
            16.7005456,
            41.1082965
          ],
          [
            16.7006597,
            41.1087129
          ]
        ]
      }
    },
    {
      "type": "Feature",
      "properties": {
        "official_code": "32",
        "match_status": "manual",
        "match_basis": "nome_completo",
        "match_notes": "Corrispondenza univoca: nome ufficiale completo identico al nome OpenStreetMap. Inventario: \"VIA DUCA D'AOSTA\". OpenStreetMap: \"Via Duca D'Aosta\". Way OSM: 610304602. Lunghezza 46 m, estensione 46 m."
      },
      "geometry": {
        "type": "LineString",
        "coordinates": [
          [
            16.6898912,
            41.1090175
          ],
          [
            16.6902978,
            41.1093013
          ]
        ]
      }
    },
    {
      "type": "Feature",
      "properties": {
        "official_code": "21387",
        "match_status": "manual",
        "match_basis": "nome_completo",
        "match_notes": "Corrispondenza univoca: nome ufficiale completo identico al nome OpenStreetMap. Inventario: \"VIALE ITALIA\". OpenStreetMap: \"Viale Italia\". Way OSM: 584120797. Lunghezza 885 m, estensione 836 m."
      },
      "geometry": {
        "type": "LineString",
        "coordinates": [
          [
            16.6821458,
            41.1192671
          ],
          [
            16.6805702,
            41.119811
          ],
          [
            16.6794924,
            41.1201756
          ],
          [
            16.678273,
            41.1205898
          ],
          [
            16.6774233,
            41.1208788
          ],
          [
            16.6770604,
            41.1210028
          ],
          [
            16.675873,
            41.1214086
          ],
          [
            16.6747035,
            41.1218083
          ],
          [
            16.6744554,
            41.1218899
          ],
          [
            16.6743223,
            41.1219203
          ],
          [
            16.674211,
            41.1219318
          ],
          [
            16.674079,
            41.1219373
          ],
          [
            16.6739635,
            41.1219366
          ],
          [
            16.6738399,
            41.1219255
          ],
          [
            16.6737242,
            41.1219111
          ],
          [
            16.673638,
            41.1218948
          ],
          [
            16.6735426,
            41.1218683
          ],
          [
            16.6734258,
            41.1218212
          ],
          [
            16.6733272,
            41.121765
          ],
          [
            16.6732343,
            41.1217023
          ],
          [
            16.673137,
            41.1216304
          ],
          [
            16.6730344,
            41.1215267
          ],
          [
            16.6729751,
            41.1214503
          ],
          [
            16.6728689,
            41.121283
          ],
          [
            16.6728116,
            41.1211886
          ]
        ]
      }
    },
    {
      "type": "Feature",
      "properties": {
        "official_code": "3083",
        "match_status": "manual",
        "match_basis": "nome_completo",
        "match_notes": "Corrispondenza univoca: nome ufficiale completo identico al nome OpenStreetMap. Inventario: \"VIA CAVOUR\". OpenStreetMap: \"Via Cavour\". Way OSM: 26434687. Lunghezza 101 m, estensione 101 m."
      },
      "geometry": {
        "type": "LineString",
        "coordinates": [
          [
            16.5618976,
            41.0505867
          ],
          [
            16.5621541,
            41.0506932
          ],
          [
            16.5623382,
            41.0507697
          ],
          [
            16.5629498,
            41.0510207
          ]
        ]
      }
    },
    {
      "type": "Feature",
      "properties": {
        "official_code": "3085",
        "match_status": "manual",
        "match_basis": "nome_completo",
        "match_notes": "Corrispondenza univoca: nome ufficiale completo identico al nome OpenStreetMap. Inventario: \"VIA CIMABUE\". OpenStreetMap: \"Via Cimabue\". Way OSM: 26434681. Lunghezza 61 m, estensione 61 m."
      },
      "geometry": {
        "type": "LineString",
        "coordinates": [
          [
            16.5614477,
            41.0512285
          ],
          [
            16.5616965,
            41.051328
          ],
          [
            16.5620892,
            41.0514866
          ]
        ]
      }
    },
    {
      "type": "Feature",
      "properties": {
        "official_code": "3087",
        "match_status": "manual",
        "match_basis": "nome_completo",
        "match_notes": "Corrispondenza univoca: nome ufficiale completo identico al nome OpenStreetMap. Inventario: \"VIA CORRIDONI\". OpenStreetMap: \"Via Corridoni\". Way OSM: 26434675. Lunghezza 68 m, estensione 68 m."
      },
      "geometry": {
        "type": "LineString",
        "coordinates": [
          [
            16.5648117,
            41.0510475
          ],
          [
            16.5649014,
            41.0509196
          ],
          [
            16.5652222,
            41.0505207
          ]
        ]
      }
    },
    {
      "type": "Feature",
      "properties": {
        "official_code": "3092",
        "match_status": "manual",
        "match_basis": "nome_completo",
        "match_notes": "Corrispondenza univoca: nome ufficiale completo identico al nome OpenStreetMap. Inventario: \"VIA FONTANA\". OpenStreetMap: \"Via Fontana\". Way OSM: 26434677. Lunghezza 97 m, estensione 97 m."
      },
      "geometry": {
        "type": "LineString",
        "coordinates": [
          [
            16.5643274,
            41.0508632
          ],
          [
            16.564885,
            41.050103
          ]
        ]
      }
    },
    {
      "type": "Feature",
      "properties": {
        "official_code": "18024",
        "match_status": "manual",
        "match_basis": "nome_completo",
        "match_notes": "Corrispondenza univoca: nome ufficiale completo identico al nome OpenStreetMap. Inventario: \"VIA QUINTO ORAZIO FLACCO\". OpenStreetMap: \"Via Quinto Orazio Flacco\". Way OSM: 1077372471,1385636064. Lunghezza 204 m, estensione 192 m."
      },
      "geometry": {
        "type": "MultiLineString",
        "coordinates": [
          [
            [
              16.6802368,
              41.1052653
            ],
            [
              16.6802233,
              41.1054939
            ],
            [
              16.6814457,
              41.1060266
            ]
          ],
          [
            [
              16.6820654,
              41.1062966
            ],
            [
              16.6814457,
              41.1060266
            ]
          ]
        ]
      }
    },
    {
      "type": "Feature",
      "properties": {
        "official_code": "21994",
        "match_status": "manual",
        "match_basis": "nome_completo",
        "match_notes": "Corrispondenza univoca: nome ufficiale completo identico al nome OpenStreetMap. Inventario: \"VIA FRANCIA\". OpenStreetMap: \"Via Francia\". Way OSM: 30015667. Lunghezza 340 m, estensione 334 m."
      },
      "geometry": {
        "type": "LineString",
        "coordinates": [
          [
            16.6801341,
            41.1186589
          ],
          [
            16.6806355,
            41.1185491
          ],
          [
            16.6807523,
            41.1185185
          ],
          [
            16.6811147,
            41.1184113
          ],
          [
            16.6822199,
            41.1181208
          ],
          [
            16.6823481,
            41.1180826
          ],
          [
            16.6824828,
            41.1180673
          ],
          [
            16.6832407,
            41.1180818
          ],
          [
            16.6840474,
            41.1181872
          ]
        ]
      }
    },
    {
      "type": "Feature",
      "properties": {
        "official_code": "102",
        "match_status": "manual",
        "match_basis": "nome_completo",
        "match_notes": "Corrispondenza univoca: nome ufficiale completo identico al nome OpenStreetMap. Inventario: \"VIA CASTELFIDARDO\". OpenStreetMap: \"Via Castelfidardo\". Way OSM: 173458895. Lunghezza 275 m, estensione 258 m."
      },
      "geometry": {
        "type": "LineString",
        "coordinates": [
          [
            16.6917656,
            41.1045254
          ],
          [
            16.6914309,
            41.1042857
          ],
          [
            16.6910581,
            41.1040198
          ],
          [
            16.6909116,
            41.1039562
          ],
          [
            16.6907885,
            41.1039169
          ],
          [
            16.6906615,
            41.1038885
          ],
          [
            16.6905304,
            41.1038716
          ],
          [
            16.6904184,
            41.1038704
          ],
          [
            16.6901186,
            41.1038745
          ],
          [
            16.689347,
            41.1038852
          ],
          [
            16.6890982,
            41.103891
          ],
          [
            16.688992,
            41.1039055
          ],
          [
            16.6889317,
            41.1039227
          ],
          [
            16.6888146,
            41.1039698
          ]
        ]
      }
    },
    {
      "type": "Feature",
      "properties": {
        "official_code": "251",
        "match_status": "manual",
        "match_basis": "nome_completo",
        "match_notes": "Corrispondenza univoca: nome ufficiale completo identico al nome OpenStreetMap. Inventario: \"VIA ANONIMO RAVENNATE\". OpenStreetMap: \"Via Anonimo Ravennate\". Way OSM: 1222719138. Lunghezza 72 m, estensione 71 m."
      },
      "geometry": {
        "type": "LineString",
        "coordinates": [
          [
            16.684163,
            41.1061785
          ],
          [
            16.6843755,
            41.1056525
          ],
          [
            16.6843637,
            41.1055584
          ]
        ]
      }
    },
    {
      "type": "Feature",
      "properties": {
        "official_code": "1109",
        "match_status": "manual",
        "match_basis": "nome_completo",
        "match_notes": "Corrispondenza univoca: nome ufficiale completo identico al nome OpenStreetMap. Inventario: \"VIA GENERALE FRANCESCO PLANELLI\". OpenStreetMap: \"Via Generale Francesco Planelli\". Way OSM: 173536228,173536231,173582863,173582864,175152719,384722043,1221262262,1221369304,1221369305. Lunghezza 988 m, estensione 936 m."
      },
      "geometry": {
        "type": "MultiLineString",
        "coordinates": [
          [
            [
              16.7006134,
              41.1104447
            ],
            [
              16.7008044,
              41.1105169
            ],
            [
              16.7010884,
              41.1106781
            ]
          ],
          [
            [
              16.7010884,
              41.1106781
            ],
            [
              16.7007607,
              41.1105842
            ],
            [
              16.7007162,
              41.1105755
            ],
            [
              16.7005921,
              41.1105548
            ]
          ],
          [
            [
              16.700368,
              41.1104231
            ],
            [
              16.7001197,
              41.1103286
            ],
            [
              16.6999932,
              41.1102814
            ],
            [
              16.6992754,
              41.1099651
            ],
            [
              16.6992222,
              41.1099418
            ],
            [
              16.6990937,
              41.1098841
            ],
            [
              16.699062,
              41.109865
            ],
            [
              16.6989887,
              41.1098044
            ]
          ],
          [
            [
              16.6975508,
              41.1090181
            ],
            [
              16.6982629,
              41.1093703
            ],
            [
              16.6986864,
              41.1095798
            ]
          ],
          [
            [
              16.7051145,
              41.1127847
            ],
            [
              16.7049123,
              41.1127396
            ],
            [
              16.7046882,
              41.1126806
            ],
            [
              16.704501,
              41.112614
            ],
            [
              16.7042675,
              41.1124993
            ],
            [
              16.7040185,
              41.1123537
            ],
            [
              16.7036713,
              41.1121332
            ],
            [
              16.7025751,
              41.1114488
            ]
          ],
          [
            [
              16.6957077,
              41.1082515
            ],
            [
              16.6960603,
              41.1083645
            ],
            [
              16.6964382,
              41.108483
            ],
            [
              16.6968682,
              41.1086863
            ],
            [
              16.6970015,
              41.1087493
            ],
            [
              16.6975508,
              41.1090181
            ]
          ],
          [
            [
              16.7025751,
              41.1114488
            ],
            [
              16.7018434,
              41.1109904
            ],
            [
              16.7017426,
              41.1109357
            ],
            [
              16.7015836,
              41.1108682
            ],
            [
              16.7014201,
              41.1108065
            ],
            [
              16.7010884,
              41.1106781
            ]
          ],
          [
            [
              16.6986864,
              41.1095798
            ],
            [
              16.6988407,
              41.109644
            ],
            [
              16.6988856,
              41.1096627
            ],
            [
              16.6989795,
              41.1097055
            ]
          ],
          [
            [
              16.6989251,
              41.1097621
            ],
            [
              16.6988527,
              41.1097044
            ],
            [
              16.6986864,
              41.1095798
            ]
          ]
        ]
      }
    },
    {
      "type": "Feature",
      "properties": {
        "official_code": "262",
        "match_status": "manual",
        "match_basis": "nome_completo",
        "match_notes": "Corrispondenza univoca: nome ufficiale completo identico al nome OpenStreetMap. Inventario: \"VIA PIETRO NENNI\". OpenStreetMap: \"Via Pietro Nenni\". Way OSM: 29973480,173536230,319025433,319025438,319025452,1221262264,1376749880. Lunghezza 998 m, estensione 603 m."
      },
      "geometry": {
        "type": "MultiLineString",
        "coordinates": [
          [
            [
              16.6996734,
              41.1084444
            ],
            [
              16.6997278,
              41.1084939
            ],
            [
              16.6997733,
              41.1085203
            ],
            [
              16.6998198,
              41.1085375
            ],
            [
              16.700374,
              41.1086532
            ],
            [
              16.7006597,
              41.1087129
            ],
            [
              16.7007578,
              41.108736
            ],
            [
              16.7009027,
              41.1087733
            ]
          ],
          [
            [
              16.7009027,
              41.1087733
            ],
            [
              16.7013763,
              41.1089309
            ],
            [
              16.7017053,
              41.1090216
            ],
            [
              16.7021394,
              41.1091413
            ],
            [
              16.7028217,
              41.1093311
            ],
            [
              16.7031239,
              41.1094111
            ],
            [
              16.7033817,
              41.1094828
            ]
          ],
          [
            [
              16.7058606,
              41.1101893
            ],
            [
              16.7056662,
              41.1101281
            ],
            [
              16.7054573,
              41.1100885
            ],
            [
              16.7046166,
              41.1098509
            ],
            [
              16.7044391,
              41.1098083
            ]
          ],
          [
            [
              16.7030309,
              41.1105516
            ],
            [
              16.7035029,
              41.110687
            ],
            [
              16.7039467,
              41.1108143
            ],
            [
              16.7044391,
              41.1098083
            ]
          ],
          [
            [
              16.7033817,
              41.1094828
            ],
            [
              16.7037606,
              41.1094868
            ],
            [
              16.7038138,
              41.1094907
            ],
            [
              16.704509,
              41.1096633
            ],
            [
              16.7046953,
              41.1097135
            ],
            [
              16.7056646,
              41.1099799
            ],
            [
              16.7057222,
              41.1100091
            ],
            [
              16.70591,
              41.1100606
            ]
          ],
          [
            [
              16.7044391,
              41.1098083
            ],
            [
              16.7037055,
              41.1096014
            ],
            [
              16.7033817,
              41.1094828
            ]
          ],
          [
            [
              16.6994671,
              41.1084002
            ],
            [
              16.6995443,
              41.1084215
            ],
            [
              16.6995938,
              41.1084303
            ],
            [
              16.6996734,
              41.1084444
            ]
          ]
        ]
      }
    },
    {
      "type": "Feature",
      "properties": {
        "official_code": "3016",
        "match_status": "manual",
        "match_basis": "nome_completo",
        "match_notes": "Corrispondenza univoca: nome ufficiale completo identico al nome OpenStreetMap. Inventario: \"VIA MAFALDA\". OpenStreetMap: \"Via Mafalda\". Way OSM: 483229652. Lunghezza 79 m, estensione 79 m."
      },
      "geometry": {
        "type": "LineString",
        "coordinates": [
          [
            16.6095596,
            41.0699108
          ],
          [
            16.6088689,
            41.0703921
          ]
        ]
      }
    },
    {
      "type": "Feature",
      "properties": {
        "official_code": "3035",
        "match_status": "manual",
        "match_basis": "nome_completo",
        "match_notes": "Corrispondenza univoca: nome ufficiale completo identico al nome OpenStreetMap. Inventario: \"VIA SENATORE SYLOS\". OpenStreetMap: \"Via Senatore Sylos\". Way OSM: 862957524,1317649818. Lunghezza 192 m, estensione 192 m."
      },
      "geometry": {
        "type": "MultiLineString",
        "coordinates": [
          [
            [
              16.6098876,
              41.0690107
            ],
            [
              16.6090097,
              41.0694764
            ],
            [
              16.6088841,
              41.0695654
            ]
          ],
          [
            [
              16.6107701,
              41.0685858
            ],
            [
              16.6098876,
              41.0690107
            ]
          ]
        ]
      }
    },
    {
      "type": "Feature",
      "properties": {
        "official_code": "16247",
        "match_status": "manual",
        "match_basis": "nome_completo",
        "match_notes": "Corrispondenza univoca: nome ufficiale completo identico al nome OpenStreetMap. Inventario: \"VIA PUBLIO VIRGILIO MARONE\". OpenStreetMap: \"Via Publio Virgilio Marone\". Way OSM: 1077372474,1077372475,1222719140. Lunghezza 309 m, estensione 231 m."
      },
      "geometry": {
        "type": "MultiLineString",
        "coordinates": [
          [
            [
              16.6845203,
              41.1055478
            ],
            [
              16.6844305,
              41.1055539
            ],
            [
              16.6843637,
              41.1055584
            ],
            [
              16.6831069,
              41.1056359
            ],
            [
              16.6829819,
              41.1059038
            ]
          ],
          [
            [
              16.6831069,
              41.1056359
            ],
            [
              16.6830583,
              41.1055287
            ],
            [
              16.6832326,
              41.1051177
            ]
          ],
          [
            [
              16.6820951,
              41.1049242
            ],
            [
              16.6823867,
              41.1049738
            ],
            [
              16.6830386,
              41.1050847
            ],
            [
              16.6831142,
              41.1050976
            ],
            [
              16.6832326,
              41.1051177
            ]
          ]
        ]
      }
    },
    {
      "type": "Feature",
      "properties": {
        "official_code": "370",
        "match_status": "manual",
        "match_basis": "nome_completo",
        "match_notes": "Corrispondenza univoca: nome ufficiale completo identico al nome OpenStreetMap. Inventario: \"VIA NUZZO BARBA\". OpenStreetMap: \"Via Nuzzo Barba\". Way OSM: 31240003. Lunghezza 61 m, estensione 61 m."
      },
      "geometry": {
        "type": "LineString",
        "coordinates": [
          [
            16.6975301,
            41.1073586
          ],
          [
            16.6982394,
            41.1074654
          ]
        ]
      }
    },
    {
      "type": "Feature",
      "properties": {
        "official_code": "26766",
        "match_status": "manual",
        "match_basis": "nome_completo",
        "match_notes": "Corrispondenza univoca: nome ufficiale completo identico al nome OpenStreetMap. Inventario: \"VICO PONCHIELLO\". OpenStreetMap: \"Vico Ponchiello\". Way OSM: 1385636068. Lunghezza 29 m, estensione 29 m."
      },
      "geometry": {
        "type": "LineString",
        "coordinates": [
          [
            16.6872124,
            41.1081645
          ],
          [
            16.6874044,
            41.1081167
          ],
          [
            16.687527,
            41.1080855
          ],
          [
            16.6875444,
            41.1080925
          ]
        ]
      }
    },
    {
      "type": "Feature",
      "properties": {
        "official_code": "644",
        "match_status": "manual",
        "match_basis": "nome_completo",
        "match_notes": "Corrispondenza univoca: nome ufficiale completo identico al nome OpenStreetMap. Inventario: \"VIA MAGENTA\". OpenStreetMap: \"Via Magenta\". Way OSM: 382081006. Lunghezza 124 m, estensione 124 m."
      },
      "geometry": {
        "type": "LineString",
        "coordinates": [
          [
            16.6871726,
            41.1071524
          ],
          [
            16.6871954,
            41.1075333
          ],
          [
            16.6872044,
            41.1077722
          ],
          [
            16.6872095,
            41.107908
          ],
          [
            16.6872124,
            41.1081645
          ],
          [
            16.6872147,
            41.1082684
          ]
        ]
      }
    },
    {
      "type": "Feature",
      "properties": {
        "official_code": "59",
        "match_status": "manual",
        "match_basis": "nome_completo",
        "match_notes": "Corrispondenza univoca: nome ufficiale completo identico al nome OpenStreetMap. Inventario: \"VIA NINO BIXIO\". OpenStreetMap: \"Via Nino Bixio\". Way OSM: 230498195. Lunghezza 79 m, estensione 79 m."
      },
      "geometry": {
        "type": "LineString",
        "coordinates": [
          [
            16.6933549,
            41.1101172
          ],
          [
            16.693294,
            41.1101504
          ],
          [
            16.6928683,
            41.1103824
          ],
          [
            16.6925953,
            41.1105311
          ]
        ]
      }
    },
    {
      "type": "Feature",
      "properties": {
        "official_code": "379",
        "match_status": "manual",
        "match_basis": "nome_completo",
        "match_notes": "Corrispondenza univoca: nome ufficiale completo identico al nome OpenStreetMap. Inventario: \"VIA DON LUIGI STURZO\". OpenStreetMap: \"Via Don Luigi Sturzo\". Way OSM: 384738433. Lunghezza 218 m, estensione 218 m."
      },
      "geometry": {
        "type": "LineString",
        "coordinates": [
          [
            16.7027286,
            41.1111703
          ],
          [
            16.7051585,
            41.1118775
          ]
        ]
      }
    },
    {
      "type": "Feature",
      "properties": {
        "official_code": "257",
        "match_status": "manual",
        "match_basis": "nome_completo",
        "match_notes": "Corrispondenza univoca: nome ufficiale completo identico al nome OpenStreetMap. Inventario: \"VIA GENNARO SOMMA\". OpenStreetMap: \"Via Gennaro Somma\". Way OSM: 32338921. Lunghezza 267 m, estensione 267 m."
      },
      "geometry": {
        "type": "LineString",
        "coordinates": [
          [
            16.6980677,
            41.1118029
          ],
          [
            16.698479,
            41.1119279
          ],
          [
            16.6991085,
            41.1121186
          ],
          [
            16.6998732,
            41.1123531
          ],
          [
            16.7005523,
            41.1125582
          ],
          [
            16.7010211,
            41.1126993
          ]
        ]
      }
    },
    {
      "type": "Feature",
      "properties": {
        "official_code": "1087",
        "match_status": "manual",
        "match_basis": "nome_completo",
        "match_notes": "Corrispondenza univoca: nome ufficiale completo identico al nome OpenStreetMap. Inventario: \"VIA PERE ROSSE\". OpenStreetMap: \"Via Pere Rosse\". Way OSM: 232235286. Lunghezza 517 m, estensione 504 m."
      },
      "geometry": {
        "type": "LineString",
        "coordinates": [
          [
            16.6958494,
            41.1386214
          ],
          [
            16.6958424,
            41.1384557
          ],
          [
            16.6959604,
            41.1382133
          ],
          [
            16.6962463,
            41.1378214
          ],
          [
            16.6959282,
            41.1370417
          ],
          [
            16.6957099,
            41.1363266
          ],
          [
            16.6956815,
            41.1357327
          ],
          [
            16.6958172,
            41.1351549
          ],
          [
            16.6958541,
            41.134111
          ]
        ]
      }
    },
    {
      "type": "Feature",
      "properties": {
        "official_code": "190",
        "match_status": "manual",
        "match_basis": "nome_completo",
        "match_notes": "Corrispondenza univoca: nome ufficiale completo identico al nome OpenStreetMap. Inventario: \"STRADA PROVINCIALE 88 BITONTO-GIOVINAZZO\". OpenStreetMap: \"Strada Provinciale 88 Bitonto - Giovinazzo\". Way OSM: 23857116,23857136,38181174,1301550649. Lunghezza 5854 m, estensione 5930 m."
      },
      "geometry": {
        "type": "MultiLineString",
        "coordinates": [
          [
            [
              16.6863717,
              41.1414004
            ],
            [
              16.6868027,
              41.1405363
            ],
            [
              16.6869345,
              41.1402735
            ],
            [
              16.6871297,
              41.139884
            ],
            [
              16.6874866,
              41.1391385
            ],
            [
              16.6877907,
              41.1385282
            ],
            [
              16.6879146,
              41.1381015
            ],
            [
              16.6882372,
              41.1371314
            ],
            [
              16.6882539,
              41.1370841
            ],
            [
              16.6883922,
              41.1367248
            ],
            [
              16.688529,
              41.1362984
            ],
            [
              16.6887685,
              41.1350581
            ]
          ],
          [
            [
              16.6890839,
              41.1336926
            ],
            [
              16.6895241,
              41.1317211
            ],
            [
              16.6897034,
              41.1309531
            ],
            [
              16.6897542,
              41.1306955
            ],
            [
              16.6898619,
              41.1302255
            ],
            [
              16.6899598,
              41.1297616
            ],
            [
              16.6900205,
              41.12933
            ],
            [
              16.6900437,
              41.1291341
            ],
            [
              16.6900826,
              41.1287124
            ],
            [
              16.6900959,
              41.1284081
            ],
            [
              16.6901026,
              41.1281361
            ],
            [
              16.6900989,
              41.127596
            ],
            [
              16.6900835,
              41.1272824
            ],
            [
              16.6900582,
              41.1269474
            ],
            [
              16.6899967,
              41.1265159
            ],
            [
              16.6897335,
              41.1250001
            ],
            [
              16.6895818,
              41.1241499
            ],
            [
              16.6893833,
              41.1230142
            ],
            [
              16.689213,
              41.1220663
            ],
            [
              16.6890461,
              41.1211254
            ],
            [
              16.6890089,
              41.1208005
            ],
            [
              16.689001,
              41.1206574
            ],
            [
              16.689001,
              41.1205017
            ],
            [
              16.6890181,
              41.1202772
            ],
            [
              16.6890504,
              41.1198843
            ],
            [
              16.6890679,
              41.1197631
            ],
            [
              16.689072,
              41.119734
            ],
            [
              16.6890879,
              41.1196212
            ]
          ],
          [
            [
              16.685648,
              41.1428285
            ],
            [
              16.6863717,
              41.1414004
            ]
          ],
          [
            [
              16.6729392,
              41.1713342
            ],
            [
              16.67288,
              41.1707549
            ],
            [
              16.6728279,
              41.1703181
            ],
            [
              16.6728183,
              41.1698892
            ],
            [
              16.672822,
              41.1695685
            ],
            [
              16.6728993,
              41.1688902
            ],
            [
              16.6730044,
              41.1684253
            ],
            [
              16.6731166,
              41.1680603
            ],
            [
              16.6732313,
              41.167762
            ],
            [
              16.673549,
              41.1670807
            ],
            [
              16.6736634,
              41.1668996
            ],
            [
              16.6740997,
              41.166209
            ],
            [
              16.6747782,
              41.1651508
            ],
            [
              16.675456,
              41.1640936
            ],
            [
              16.6769839,
              41.1617104
            ],
            [
              16.677404,
              41.1610552
            ],
            [
              16.6778589,
              41.1602442
            ],
            [
              16.6780473,
              41.1597516
            ],
            [
              16.6781178,
              41.1595673
            ],
            [
              16.6781807,
              41.1594031
            ],
            [
              16.6782404,
              41.1591767
            ],
            [
              16.6786564,
              41.1576099
            ],
            [
              16.6788088,
              41.1570542
            ],
            [
              16.6789264,
              41.1566853
            ],
            [
              16.6790678,
              41.1563243
            ],
            [
              16.6793677,
              41.1557103
            ],
            [
              16.6796825,
              41.1551584
            ],
            [
              16.6799011,
              41.1547693
            ],
            [
              16.6810925,
              41.1527027
            ],
            [
              16.6815021,
              41.1519921
            ],
            [
              16.6818829,
              41.1511922
            ],
            [
              16.6821743,
              41.1505364
            ],
            [
              16.6824258,
              41.1498457
            ],
            [
              16.6826218,
              41.1493465
            ],
            [
              16.6831156,
              41.1482587
            ],
            [
              16.685648,
              41.1428285
            ]
          ]
        ]
      }
    },
    {
      "type": "Feature",
      "properties": {
        "official_code": "591",
        "match_status": "manual",
        "match_basis": "nome_completo",
        "match_notes": "Corrispondenza univoca: nome ufficiale completo identico al nome OpenStreetMap. Inventario: \"VIA GORIZIA\". OpenStreetMap: \"Via Gorizia\". Way OSM: 30340142. Lunghezza 265 m, estensione 265 m."
      },
      "geometry": {
        "type": "LineString",
        "coordinates": [
          [
            16.6820784,
            41.1099449
          ],
          [
            16.6827716,
            41.1098934
          ],
          [
            16.6831908,
            41.1098646
          ],
          [
            16.6836789,
            41.1098323
          ],
          [
            16.6843917,
            41.1097832
          ],
          [
            16.6852266,
            41.1097354
          ]
        ]
      }
    },
    {
      "type": "Feature",
      "properties": {
        "official_code": "155",
        "match_status": "manual",
        "match_basis": "nome_completo",
        "match_notes": "Corrispondenza univoca: nome ufficiale completo identico al nome OpenStreetMap. Inventario: \"VIA PROF. RAFFAELE CATUCCI\". OpenStreetMap: \"Via Prof. Raffaele Catucci\". Way OSM: 612040055. Lunghezza 120 m, estensione 117 m."
      },
      "geometry": {
        "type": "LineString",
        "coordinates": [
          [
            16.6903753,
            41.114169
          ],
          [
            16.6903762,
            41.1146922
          ],
          [
            16.6902491,
            41.1148833
          ],
          [
            16.6900973,
            41.1151115
          ],
          [
            16.6900439,
            41.1151919
          ]
        ]
      }
    },
    {
      "type": "Feature",
      "properties": {
        "official_code": "23470",
        "match_status": "manual",
        "match_basis": "nome_completo",
        "match_notes": "Corrispondenza univoca: nome ufficiale completo identico al nome OpenStreetMap. Inventario: \"VIA PROF. CARLO SBLENDORIO\". OpenStreetMap: \"Via Prof. Carlo Sblendorio\". Way OSM: 612040054. Lunghezza 48 m, estensione 48 m."
      },
      "geometry": {
        "type": "LineString",
        "coordinates": [
          [
            16.6897358,
            41.1146833
          ],
          [
            16.6902491,
            41.1148833
          ]
        ]
      }
    },
    {
      "type": "Feature",
      "properties": {
        "official_code": "154",
        "match_status": "manual",
        "match_basis": "nome_completo",
        "match_notes": "Corrispondenza univoca: nome ufficiale completo identico al nome OpenStreetMap. Inventario: \"VIA GIANDOMENICO ROMANO\". OpenStreetMap: \"Via Giandomenico Romano\". Way OSM: 612040056. Lunghezza 97 m, estensione 94 m."
      },
      "geometry": {
        "type": "LineString",
        "coordinates": [
          [
            16.6897472,
            41.1141692
          ],
          [
            16.6897358,
            41.1146833
          ],
          [
            16.6895215,
            41.1149986
          ]
        ]
      }
    },
    {
      "type": "Feature",
      "properties": {
        "official_code": "1037",
        "match_status": "manual",
        "match_basis": "nome_completo",
        "match_notes": "Corrispondenza univoca: nome ufficiale completo identico al nome OpenStreetMap. Inventario: \"VIA BEPPE MODUGNO\". OpenStreetMap: \"Via Beppe Modugno\". Way OSM: 205063159. Lunghezza 64 m, estensione 64 m."
      },
      "geometry": {
        "type": "LineString",
        "coordinates": [
          [
            16.699516,
            41.1128568
          ],
          [
            16.6992189,
            41.1133844
          ]
        ]
      }
    },
    {
      "type": "Feature",
      "properties": {
        "official_code": "23859",
        "match_status": "manual",
        "match_basis": "nome_completo",
        "match_notes": "Corrispondenza univoca: nome ufficiale completo identico al nome OpenStreetMap. Inventario: \"VIA LUCIA SPADONE\". OpenStreetMap: \"Via Lucia Spadone\". Way OSM: 319025436,319025443,1212229257,1218292868,1218983860,1218983861. Lunghezza 556 m, estensione 636 m."
      },
      "geometry": {
        "type": "MultiLineString",
        "coordinates": [
          [
            [
              16.7069699,
              41.1090618
            ],
            [
              16.7066048,
              41.1098154
            ],
            [
              16.706472,
              41.1100771
            ],
            [
              16.706424,
              41.1101023
            ],
            [
              16.7063686,
              41.1101314
            ],
            [
              16.7062864,
              41.1101464
            ]
          ],
          [
            [
              16.7056259,
              41.1118203
            ],
            [
              16.7056486,
              41.1117631
            ],
            [
              16.7056623,
              41.1117114
            ],
            [
              16.7056786,
              41.1116225
            ],
            [
              16.7056995,
              41.1114459
            ],
            [
              16.7057266,
              41.1113066
            ],
            [
              16.7057517,
              41.1112273
            ],
            [
              16.7057945,
              41.1111314
            ],
            [
              16.705915,
              41.1108935
            ],
            [
              16.7059887,
              41.1106775
            ],
            [
              16.7060092,
              41.1106172
            ],
            [
              16.7061013,
              41.1103263
            ]
          ],
          [
            [
              16.7054116,
              41.1122215
            ],
            [
              16.7051145,
              41.1127847
            ]
          ],
          [
            [
              16.7072809,
              41.1084007
            ],
            [
              16.707714,
              41.1074883
            ],
            [
              16.7077128,
              41.1074121
            ]
          ],
          [
            [
              16.7072809,
              41.1084007
            ],
            [
              16.7072399,
              41.1084976
            ],
            [
              16.7071944,
              41.1086456
            ]
          ],
          [
            [
              16.7071294,
              41.1087772
            ],
            [
              16.7070037,
              41.108992
            ],
            [
              16.7069699,
              41.1090618
            ]
          ]
        ]
      }
    },
    {
      "type": "Feature",
      "properties": {
        "official_code": "23860",
        "match_status": "manual",
        "match_basis": "nome_completo",
        "match_notes": "Corrispondenza univoca: nome ufficiale completo identico al nome OpenStreetMap. Inventario: \"VIA PIETRO STALLONE\". OpenStreetMap: \"Via Pietro Stallone\". Way OSM: 486069259. Lunghezza 63 m, estensione 63 m."
      },
      "geometry": {
        "type": "LineString",
        "coordinates": [
          [
            16.7036855,
            41.1136066
          ],
          [
            16.7034032,
            41.1141002
          ],
          [
            16.7033866,
            41.1141292
          ]
        ]
      }
    },
    {
      "type": "Feature",
      "properties": {
        "official_code": "25096",
        "match_status": "manual",
        "match_basis": "nome_completo",
        "match_notes": "Corrispondenza univoca: nome ufficiale completo identico al nome OpenStreetMap. Inventario: \"VIA MICHELE TATULLI\". OpenStreetMap: \"Via Michele Tatulli\". Way OSM: 384738428. Lunghezza 111 m, estensione 111 m."
      },
      "geometry": {
        "type": "LineString",
        "coordinates": [
          [
            16.694872,
            41.1164078
          ],
          [
            16.6960669,
            41.1159699
          ]
        ]
      }
    },
    {
      "type": "Feature",
      "properties": {
        "official_code": "21603",
        "match_status": "manual",
        "match_basis": "nome_completo",
        "match_notes": "Corrispondenza univoca: nome ufficiale completo identico al nome OpenStreetMap. Inventario: \"VIA SANT'ANETA\". OpenStreetMap: \"Via Sant'Aneta\". Way OSM: 205063158. Lunghezza 399 m, estensione 381 m."
      },
      "geometry": {
        "type": "LineString",
        "coordinates": [
          [
            16.6780185,
            41.1149983
          ],
          [
            16.6779609,
            41.1148903
          ],
          [
            16.6780344,
            41.1144708
          ],
          [
            16.6783189,
            41.1131158
          ],
          [
            16.6784155,
            41.1126712
          ],
          [
            16.6784969,
            41.1124872
          ],
          [
            16.6785476,
            41.1124066
          ],
          [
            16.6786368,
            41.1123286
          ],
          [
            16.6789627,
            41.1120892
          ],
          [
            16.6794669,
            41.1117658
          ]
        ]
      }
    },
    {
      "type": "Feature",
      "properties": {
        "official_code": "26786",
        "match_status": "manual",
        "match_basis": "nome_completo",
        "match_notes": "Corrispondenza univoca: nome ufficiale completo identico al nome OpenStreetMap. Inventario: \"VIA MONSIGNOR ANDREA TACCONE\". OpenStreetMap: \"Via Monsignor Andrea Taccone\". Way OSM: 384738430. Lunghezza 55 m, estensione 55 m."
      },
      "geometry": {
        "type": "LineString",
        "coordinates": [
          [
            16.6970353,
            41.1168016
          ],
          [
            16.6975384,
            41.1164839
          ]
        ]
      }
    },
    {
      "type": "Feature",
      "properties": {
        "official_code": "27220",
        "match_status": "manual",
        "match_basis": "nome_completo",
        "match_notes": "Corrispondenza univoca: nome ufficiale completo identico al nome OpenStreetMap. Inventario: \"CORTE SANT'ELIGIO\". OpenStreetMap: \"Corte Sant'Eligio\". Way OSM: 1385632282. Lunghezza 29 m, estensione 29 m."
      },
      "geometry": {
        "type": "LineString",
        "coordinates": [
          [
            16.6881027,
            41.1077384
          ],
          [
            16.6880608,
            41.1076579
          ],
          [
            16.6880014,
            41.1074925
          ]
        ]
      }
    },
    {
      "type": "Feature",
      "properties": {
        "official_code": "27487",
        "match_status": "manual",
        "match_basis": "nome_completo",
        "match_notes": "Corrispondenza univoca: nome ufficiale completo identico al nome OpenStreetMap. Inventario: \"VIA PALO DEL COLLE\". OpenStreetMap: \"Via Palo del Colle\". Way OSM: 29973264,702049966,1125849966. Lunghezza 505 m, estensione 479 m."
      },
      "geometry": {
        "type": "MultiLineString",
        "coordinates": [
          [
            [
              16.6941791,
              41.1036487
            ],
            [
              16.6943265,
              41.1033784
            ],
            [
              16.6947354,
              41.101758
            ],
            [
              16.6948134,
              41.1014385
            ],
            [
              16.6949731,
              41.1008322
            ],
            [
              16.6952192,
              41.0998955
            ],
            [
              16.6952616,
              41.0998153
            ]
          ],
          [
            [
              16.6952616,
              41.0998153
            ],
            [
              16.6952503,
              41.0997886
            ],
            [
              16.6952556,
              41.0997565
            ],
            [
              16.6952752,
              41.09968
            ],
            [
              16.6953111,
              41.0995366
            ],
            [
              16.6953386,
              41.0994306
            ]
          ],
          [
            [
              16.6943265,
              41.1033784
            ],
            [
              16.6943023,
              41.1034724
            ],
            [
              16.6943244,
              41.1035108
            ],
            [
              16.694366,
              41.103526
            ],
            [
              16.6944267,
              41.1035352
            ]
          ]
        ]
      }
    },
    {
      "type": "Feature",
      "properties": {
        "official_code": "1609",
        "match_status": "manual",
        "match_basis": "nome_completo",
        "match_notes": "Corrispondenza univoca: nome ufficiale completo identico al nome OpenStreetMap. Inventario: \"VIA BRUNO BUOZZI\". OpenStreetMap: \"Via Bruno Buozzi\". Way OSM: 383740375. Lunghezza 284 m, estensione 281 m."
      },
      "geometry": {
        "type": "LineString",
        "coordinates": [
          [
            16.6949731,
            41.1008322
          ],
          [
            16.6958738,
            41.1006826
          ],
          [
            16.6963136,
            41.1006158
          ],
          [
            16.6966285,
            41.1006022
          ],
          [
            16.6968637,
            41.1005708
          ],
          [
            16.6971949,
            41.100478
          ],
          [
            16.697908,
            41.1001957
          ],
          [
            16.6981921,
            41.1001248
          ]
        ]
      }
    },
    {
      "type": "Feature",
      "properties": {
        "official_code": "277",
        "match_status": "manual",
        "match_basis": "nome_completo",
        "match_notes": "Corrispondenza univoca: nome ufficiale completo identico al nome OpenStreetMap. Inventario: \"VIA PASQUALE BERARDI\". OpenStreetMap: \"Via Pasquale Berardi\". Way OSM: 173522622. Lunghezza 247 m, estensione 244 m."
      },
      "geometry": {
        "type": "LineString",
        "coordinates": [
          [
            16.688155,
            41.1141711
          ],
          [
            16.6890211,
            41.1148035
          ],
          [
            16.6891381,
            41.1148491
          ],
          [
            16.6895215,
            41.1149986
          ],
          [
            16.6900439,
            41.1151919
          ],
          [
            16.690305,
            41.1152813
          ],
          [
            16.6905935,
            41.1153772
          ]
        ]
      }
    },
    {
      "type": "Feature",
      "properties": {
        "official_code": "371",
        "match_status": "manual",
        "match_basis": "nome_completo",
        "match_notes": "Corrispondenza univoca: nome ufficiale completo identico al nome OpenStreetMap. Inventario: \"VIA FRATE LUCA DA BITONTO\". OpenStreetMap: \"Via Frate Luca da Bitonto\". Way OSM: 384722041. Lunghezza 61 m, estensione 61 m."
      },
      "geometry": {
        "type": "LineString",
        "coordinates": [
          [
            16.6981456,
            41.1078683
          ],
          [
            16.69743,
            41.1077733
          ]
        ]
      }
    },
    {
      "type": "Feature",
      "properties": {
        "official_code": "1105",
        "match_status": "manual",
        "match_basis": "nome_completo",
        "match_notes": "Corrispondenza univoca: nome ufficiale completo identico al nome OpenStreetMap. Inventario: \"VIA ARCO PINTO\". OpenStreetMap: \"Via Arco Pinto\". Way OSM: 1348086774,1348086778,1385632290. Lunghezza 98 m, estensione 91 m."
      },
      "geometry": {
        "type": "MultiLineString",
        "coordinates": [
          [
            [
              16.6900216,
              41.1076311
            ],
            [
              16.6900021,
              41.1075705
            ],
            [
              16.689969,
              41.1074679
            ],
            [
              16.6899683,
              41.1074153
            ],
            [
              16.6899729,
              41.1073096
            ]
          ],
          [
            [
              16.6899729,
              41.1073096
            ],
            [
              16.6899849,
              41.1071787
            ]
          ],
          [
            [
              16.6900216,
              41.1076311
            ],
            [
              16.6900331,
              41.1076334
            ],
            [
              16.6900476,
              41.1076382
            ],
            [
              16.6900605,
              41.1076463
            ],
            [
              16.6900647,
              41.1076542
            ],
            [
              16.6900685,
              41.1076613
            ],
            [
              16.6900932,
              41.1077526
            ],
            [
              16.6901045,
              41.1078217
            ],
            [
              16.6901028,
              41.1078379
            ],
            [
              16.6900921,
              41.1078512
            ],
            [
              16.6900691,
              41.1078674
            ],
            [
              16.6900551,
              41.1078759
            ],
            [
              16.6900519,
              41.1078832
            ],
            [
              16.6900578,
              41.1078969
            ],
            [
              16.6901534,
              41.1079885
            ]
          ]
        ]
      }
    },
    {
      "type": "Feature",
      "properties": {
        "official_code": "1111",
        "match_status": "manual",
        "match_basis": "nome_completo_senza_apostrofi",
        "match_notes": "Corrispondenza univoca: nome ufficiale completo identico a meno dell'apostrofo. Inventario: \"VIA NICOLO' PLANELLI\". OpenStreetMap: \"Via Nicolò Planelli\". Way OSM: 383481042. Lunghezza 57 m, estensione 57 m."
      },
      "geometry": {
        "type": "LineString",
        "coordinates": [
          [
            16.6885949,
            41.1078974
          ],
          [
            16.6889512,
            41.1078369
          ],
          [
            16.6892222,
            41.1077601
          ],
          [
            16.6892471,
            41.1077524
          ]
        ]
      }
    },
    {
      "type": "Feature",
      "properties": {
        "official_code": "93",
        "match_status": "manual",
        "match_basis": "nome_completo_senza_apostrofi",
        "match_notes": "Corrispondenza univoca: nome ufficiale completo identico a meno dell'apostrofo. Inventario: \"VIA GIOSUE' CARDUCCI\". OpenStreetMap: \"Via Giosuè Carducci\". Way OSM: 1222540863,1222540866,1222719142. Lunghezza 281 m, estensione 181 m."
      },
      "geometry": {
        "type": "MultiLineString",
        "coordinates": [
          [
            [
              16.6858157,
              41.1058125
            ],
            [
              16.6853686,
              41.1057119
            ],
            [
              16.6852629,
              41.1059463
            ],
            [
              16.6849828,
              41.1058854
            ]
          ],
          [
            [
              16.6853686,
              41.1057119
            ],
            [
              16.6853156,
              41.1052295
            ],
            [
              16.6858264,
              41.1053584
            ]
          ],
          [
            [
              16.6858157,
              41.1058125
            ],
            [
              16.6864017,
              41.1059442
            ],
            [
              16.686853,
              41.1060458
            ]
          ]
        ]
      }
    },
    {
      "type": "Feature",
      "properties": {
        "official_code": "1502",
        "match_status": "manual",
        "match_basis": "nome_completo_senza_apostrofi",
        "match_notes": "Corrispondenza univoca: nome ufficiale completo identico a meno dell'apostrofo. Inventario: \"VIA FRA' ANTONIO SCARAGGI\". OpenStreetMap: \"Via Frà Antonio Scaraggi\". Way OSM: 1124378231. Lunghezza 117 m, estensione 93 m."
      },
      "geometry": {
        "type": "LineString",
        "coordinates": [
          [
            16.692004,
            41.1087228
          ],
          [
            16.6920513,
            41.1087053
          ],
          [
            16.692327,
            41.1086038
          ],
          [
            16.6923307,
            41.1085944
          ],
          [
            16.6922488,
            41.108411
          ],
          [
            16.6922526,
            41.1084022
          ],
          [
            16.6924468,
            41.1083455
          ],
          [
            16.6925202,
            41.1083253
          ],
          [
            16.6925301,
            41.1083206
          ],
          [
            16.6925329,
            41.1083115
          ],
          [
            16.6925301,
            41.1083003
          ],
          [
            16.6924045,
            41.1079911
          ]
        ]
      }
    },
    {
      "type": "Feature",
      "properties": {
        "official_code": "1631",
        "match_status": "manual",
        "match_basis": "nome_completo_senza_apostrofi",
        "match_notes": "Corrispondenza univoca: nome ufficiale completo identico a meno dell'apostrofo. Inventario: \"PIAZZA UNITA' D'ITALIA\". OpenStreetMap: \"Piazza Unità d'Italia\". Way OSM: 1077371791,1385642518. Lunghezza 837 m, estensione 221 m."
      },
      "geometry": {
        "type": "MultiLineString",
        "coordinates": [
          [
            [
              16.7053962,
              41.1069031
            ],
            [
              16.7052813,
              41.1072323
            ],
            [
              16.7052439,
              41.1072574
            ],
            [
              16.705192,
              41.1072638
            ],
            [
              16.7047295,
              41.1071763
            ],
            [
              16.7046948,
              41.1071807
            ],
            [
              16.7046575,
              41.107194
            ],
            [
              16.7046264,
              41.1072156
            ],
            [
              16.704483,
              41.1076432
            ],
            [
              16.7045016,
              41.1076789
            ],
            [
              16.7045417,
              41.107711
            ],
            [
              16.7050191,
              41.1078083
            ],
            [
              16.7050582,
              41.1078341
            ],
            [
              16.7050713,
              41.1078692
            ],
            [
              16.7049594,
              41.1081963
            ]
          ],
          [
            [
              16.7049594,
              41.1081963
            ],
            [
              16.7050713,
              41.1078692
            ],
            [
              16.7050582,
              41.1078341
            ],
            [
              16.7050191,
              41.1078083
            ],
            [
              16.7045417,
              41.107711
            ],
            [
              16.7045016,
              41.1076789
            ],
            [
              16.704483,
              41.1076432
            ],
            [
              16.7046264,
              41.1072156
            ],
            [
              16.7046575,
              41.107194
            ],
            [
              16.7046948,
              41.1071807
            ],
            [
              16.7047295,
              41.1071763
            ],
            [
              16.705192,
              41.1072638
            ],
            [
              16.7052439,
              41.1072574
            ],
            [
              16.7052813,
              41.1072323
            ],
            [
              16.7053962,
              41.1069031
            ],
            [
              16.7056762,
              41.1069575
            ],
            [
              16.705561,
              41.1072847
            ],
            [
              16.7064203,
              41.1074396
            ],
            [
              16.7062036,
              41.1080997
            ],
            [
              16.7056207,
              41.1079858
            ],
            [
              16.705631,
              41.1079556
            ],
            [
              16.7053651,
              41.1079043
            ],
            [
              16.7052795,
              41.1081535
            ],
            [
              16.7052456,
              41.1082522
            ],
            [
              16.7049594,
              41.1081963
            ]
          ]
        ]
      }
    },
    {
      "type": "Feature",
      "properties": {
        "official_code": "84",
        "match_status": "manual",
        "match_basis": "descrizione_senza_specie",
        "match_notes": "Corrispondenza univoca: descrizione ufficiale identica al nome OpenStreetMap, che non riporta la specie. Inventario: \"VIA CESARE CANTU'\". OpenStreetMap: \"Cesare Cantù\". Way OSM: 383444545. Lunghezza 92 m, estensione 91 m."
      },
      "geometry": {
        "type": "LineString",
        "coordinates": [
          [
            16.6880113,
            41.1093997
          ],
          [
            16.6884087,
            41.1089964
          ],
          [
            16.6886508,
            41.1088757
          ],
          [
            16.6887627,
            41.1088146
          ]
        ]
      }
    },
    {
      "type": "Feature",
      "properties": {
        "official_code": "3048",
        "match_status": "manual",
        "match_basis": "descrizione_senza_specie",
        "match_notes": "Corrispondenza univoca: descrizione ufficiale identica al nome OpenStreetMap, che non riporta la specie. Inventario: \"STRADA COMUNALE TAURO\". OpenStreetMap: \"Tauro\". Way OSM: 203485283,1317649814,1317649815. Lunghezza 8799 m, estensione 8421 m."
      },
      "geometry": {
        "type": "MultiLineString",
        "coordinates": [
          [
            [
              16.5822323,
              41.0426157
            ],
            [
              16.581998,
              41.0418844
            ],
            [
              16.581281,
              41.040262
            ],
            [
              16.581088,
              41.0398182
            ],
            [
              16.58076,
              41.0387097
            ],
            [
              16.5806285,
              41.0382613
            ],
            [
              16.5805009,
              41.0371815
            ],
            [
              16.5804122,
              41.0366168
            ],
            [
              16.5803476,
              41.0364262
            ],
            [
              16.5798292,
              41.0350376
            ],
            [
              16.5793058,
              41.0335656
            ],
            [
              16.5791436,
              41.0333766
            ],
            [
              16.5790387,
              41.0331954
            ],
            [
              16.5778219,
              41.0309251
            ],
            [
              16.5774369,
              41.0301849
            ],
            [
              16.5773977,
              41.0301119
            ],
            [
              16.5773012,
              41.0299409
            ],
            [
              16.5765984,
              41.0291073
            ],
            [
              16.5756672,
              41.0280259
            ],
            [
              16.5751952,
              41.0272489
            ],
            [
              16.574545,
              41.0260008
            ],
            [
              16.5736073,
              41.0251444
            ],
            [
              16.5725773,
              41.0244322
            ],
            [
              16.5709465,
              41.0232666
            ],
            [
              16.5688437,
              41.0212268
            ],
            [
              16.5660048,
              41.0180682
            ],
            [
              16.5639878,
              41.0159232
            ],
            [
              16.5630072,
              41.0148804
            ],
            [
              16.5609044,
              41.0128403
            ],
            [
              16.5594388,
              41.0104909
            ],
            [
              16.559059,
              41.0102497
            ],
            [
              16.5563553,
              41.0097639
            ],
            [
              16.551978,
              41.0090515
            ],
            [
              16.549883,
              41.0073317
            ],
            [
              16.546871,
              41.0049709
            ],
            [
              16.5457123,
              41.0041613
            ],
            [
              16.5437382,
              41.0032221
            ],
            [
              16.5415472,
              41.0021099
            ]
          ],
          [
            [
              16.5965241,
              41.0615577
            ],
            [
              16.5952313,
              41.0597994
            ],
            [
              16.5947646,
              41.0587424
            ],
            [
              16.5934707,
              41.0565565
            ],
            [
              16.5920287,
              41.0546048
            ],
            [
              16.591797,
              41.0542912
            ],
            [
              16.5903443,
              41.0522702
            ],
            [
              16.5897864,
              41.0512345
            ],
            [
              16.5893424,
              41.0498535
            ],
            [
              16.5892368,
              41.0495691
            ],
            [
              16.5888344,
              41.0490977
            ],
            [
              16.588384,
              41.0486927
            ],
            [
              16.586973,
              41.0477209
            ],
            [
              16.5848658,
              41.0462858
            ],
            [
              16.5844213,
              41.0459753
            ],
            [
              16.5840411,
              41.0456445
            ],
            [
              16.5830248,
              41.0446506
            ],
            [
              16.5828385,
              41.0444185
            ],
            [
              16.5827127,
              41.0442093
            ],
            [
              16.5826215,
              41.0440179
            ],
            [
              16.582493,
              41.0435995
            ],
            [
              16.5822323,
              41.0426157
            ]
          ],
          [
            [
              16.598702,
              41.0643404
            ],
            [
              16.5987557,
              41.0634668
            ],
            [
              16.5979403,
              41.0626578
            ],
            [
              16.5965241,
              41.0615577
            ]
          ]
        ]
      }
    },
    {
      "type": "Feature",
      "properties": {
        "official_code": "1116",
        "match_status": "manual",
        "match_basis": "descrizione_senza_specie",
        "match_notes": "Corrispondenza univoca: descrizione ufficiale identica al nome OpenStreetMap, che non riporta la specie. Inventario: \"VIA MURO PORTA ROBUSTINA\". OpenStreetMap: \"Muro Porta Robustina\". Way OSM: 414249140. Lunghezza 240 m, estensione 196 m."
      },
      "geometry": {
        "type": "LineString",
        "coordinates": [
          [
            16.6871726,
            41.1071524
          ],
          [
            16.6873451,
            41.1071467
          ],
          [
            16.6873647,
            41.107151
          ],
          [
            16.687371,
            41.1071659
          ],
          [
            16.6873771,
            41.107215
          ],
          [
            16.6873802,
            41.1074387
          ],
          [
            16.6873691,
            41.1075416
          ],
          [
            16.6873452,
            41.1076828
          ],
          [
            16.6873333,
            41.1077696
          ],
          [
            16.687338,
            41.1078725
          ],
          [
            16.6873809,
            41.108019
          ],
          [
            16.6874044,
            41.1081167
          ],
          [
            16.6874643,
            41.1082147
          ],
          [
            16.687486,
            41.1082379
          ],
          [
            16.6875387,
            41.1082785
          ],
          [
            16.6876752,
            41.1083887
          ],
          [
            16.6877199,
            41.1084209
          ],
          [
            16.6877659,
            41.1084487
          ],
          [
            16.6878167,
            41.1084727
          ],
          [
            16.6881037,
            41.1085687
          ],
          [
            16.6882554,
            41.1086242
          ],
          [
            16.6883325,
            41.1086363
          ],
          [
            16.6884146,
            41.1085183
          ]
        ]
      }
    },
    {
      "type": "Feature",
      "properties": {
        "official_code": "28938",
        "match_status": "manual",
        "match_basis": "descrizione_senza_specie",
        "match_notes": "Corrispondenza univoca: descrizione ufficiale identica al nome OpenStreetMap, che non riporta la specie. Inventario: \"VIA PARCO COMMERCIALE BARESE\". OpenStreetMap: \"Parco Commerciale Barese\". Way OSM: 1487230907,1487230936. Lunghezza 104 m, estensione 51 m."
      },
      "geometry": {
        "type": "MultiLineString",
        "coordinates": [
          [
            [
              16.7154089,
              41.1002335
            ],
            [
              16.715467,
              41.1002978
            ],
            [
              16.7154976,
              41.100384
            ],
            [
              16.7155395,
              41.1005325
            ],
            [
              16.715563,
              41.1006059
            ],
            [
              16.7155384,
              41.1006691
            ],
            [
              16.7154644,
              41.1006254
            ],
            [
              16.7154373,
              41.1005474
            ],
            [
              16.7153941,
              41.1003951
            ]
          ],
          [
            [
              16.7153941,
              41.1003951
            ],
            [
              16.7153682,
              41.1003175
            ],
            [
              16.7154089,
              41.1002335
            ]
          ]
        ]
      }
    }
  ]
}
